Exporter,Importer,Weapon,Year,Units,TIV
France[b],Turkey,Aircraft,2000,28,1204
Kuwait,United Kingdom,Tanks,2000,46,1288
Israel,Czech Republic,Missiles,2000,1,33
Taiwan,Israel,Aircraft,2000,2,60
Italy,United States,Aircraft,2000,36,1224
Saudi Arabia[a],Mexico,Missiles,2000,32,896
China[a],Pakistan,Aircraft,2000,16,304
China[a],Ukraine,Tanks,2000,41,1804
South Korea,Finland,Missiles,2000,11,77
Italy,Iraq,Missiles,2000,18,288
India,Germany,Tanks,2000,34,1632
Italy,Mexico,Missiles,2000,4,80
Kuwait,Norway,Aircraft,2000,20,140
India,Philippines,Tanks,2000,6,210
Algeria,Colombia,Tanks,2000,45,1935
Belgium,Australia,Tanks,2000,14,308
Brazil,Germany,Tanks,2000,18,324
Kuwait,Netherlands,Aircraft,2000,46,552
Colombia,Iran,Aircraft,2000,29,406
Taiwan,Romania,Missiles,2000,13,208
Poland[b],United Kingdom,Aircraft,2000,26,234
Romania,Kuwait,Aircraft,2000,40,1800
Iran,France[b],Missiles,2000,50,1850
Germany,Canada,Missiles,2000,50,600
Iran,Brazil,Missiles,2000,42,672
Iraq,Greece,Aircraft,2000,32,1056
Norway,India,Aircraft,2000,26,208
Denmark,Japan,Missiles,2000,44,1232
Singapore,Australia,Tanks,2000,22,968
United States,Mexico,Missiles,2000,5,205
Switzerland,Colombia,Tanks,2000,48,1344
Greece,Germany,Aircraft,2000,10,360
Spain,South Korea,Tanks,2000,42,1008
Kuwait,China[a],Missiles,2000,22,308
Australia,Switzerland,Tanks,2000,33,1089
Mexico,Israel,Tanks,2000,24,384
Romania,France[b],Missiles,2000,12,588
Taiwan,Kuwait,Aircraft,2000,32,1024
Brazil,Japan,Missiles,2000,15,285
Germany,Brazil,Tanks,2000,3,81
Israel,Canada,Aircraft,2000,44,1672
Canada,Israel,Tanks,2000,17,714
Algeria,Germany,Tanks,2000,13,312
Norway,Singapore,Tanks,2000,16,768
Australia,Mexico,Tanks,2000,16,528
Switzerland,Belgium,Missiles,2000,14,378
Spain,India,Aircraft,2000,1,37
United Kingdom,Mexico,Tanks,2000,39,663
China[a],Indonesia,Tanks,2000,5,140
Australia,China[a],Tanks,2000,23,851
Canada,France[b],Aircraft,2000,24,1176
Taiwan,Germany,Tanks,2000,12,192
Switzerland,South Korea,Aircraft,2000,24,408
Poland[b],Israel,Aircraft,2000,46,2254
Italy,Netherlands,Aircraft,2000,16,688
Finland,Germany,Aircraft,2000,4,72
France[b],Greece,Missiles,2000,45,855
Norway,Kuwait,Tanks,2000,32,1120
Czech Republic,Romania,Missiles,2000,43,559
Turkey,Taiwan,Tanks,2000,38,608
Taiwan,Iran,Aircraft,2000,42,2016
Brazil,Greece,Aircraft,2000,11,242
China[a],Japan,Missiles,2000,19,627
Canada,Turkey,Aircraft,2000,22,572
Mexico,Philippines,Missiles,2000,42,1932
Germany,Finland,Missiles,2000,17,765
Denmark,Finland,Aircraft,2000,25,400
Turkey,Australia,Aircraft,2000,7,329
Iran,Pakistan,Missiles,2000,3,111
Brazil,Greece,Tanks,2000,44,748
Sweden,Italy,Missiles,2000,43,688
Italy,Pakistan,Aircraft,2000,19,817
Russia[a],India,Missiles,2000,48,1152
Sweden,Czech Republic,Tanks,2000,48,336
Italy,Australia,Aircraft,2000,22,660
Australia,Germany,Tanks,2000,13,156
Canada,United Kingdom,Missiles,2000,45,360
Romania,Germany,Missiles,2000,50,1850
Ukraine,Saudi Arabia[a],Missiles,2000,18,900
Philippines,South Korea,Missiles,2000,40,1920
France[b],Belgium,Missiles,2000,9,162
Switzerland,Colombia,Missiles,2000,20,180
Iraq,Iran,Tanks,2000,8,320
Australia,France[b],Missiles,2000,11,220
Belgium,South Korea,Missiles,2000,38,1748
Pakistan,Denmark,Missiles,2000,6,72
Philippines,Australia,Tanks,2000,2,42
Romania,Czech Republic,Tanks,2000,42,1722
Switzerland,Pakistan,Aircraft,2000,46,1380
Colombia,Canada,Aircraft,2000,1,11
Brazil,United States,Aircraft,2000,14,392
Italy,Algeria,Missiles,2000,32,1184
Kuwait,Russia[a],Tanks,2000,6,216
Canada,Algeria,Missiles,2000,26,546
Saudi Arabia[a],Japan,Aircraft,2000,15,405
Russia[a],India,Missiles,2001,45,765
Germany,Finland,Missiles,2001,37,1776
Denmark,Australia,Aircraft,2001,22,1012
France[b],Turkey,Tanks,2001,33,792
Indonesia,Germany,Tanks,2001,47,2256
Netherlands,Saudi Arabia[a],Aircraft,2001,48,2352
Romania,United Kingdom,Tanks,2001,39,1014
Iran,Switzerland,Missiles,2001,39,741
France[b],Ukraine,Aircraft,2001,44,220
Israel,Iran,Aircraft,2001,43,645
Greece,United Kingdom,Missiles,2001,29,1073
Colombia,United Kingdom,Missiles,2001,30,540
Spain,Iraq,Tanks,2001,16,560
Switzerland,Pakistan,Missiles,2001,32,320
Pakistan,Australia,Tanks,2001,23,253
Mexico,Belgium,Aircraft,2001,24,144
India,Colombia,Tanks,2001,45,2250
Israel,Norway,Missiles,2001,33,231
Norway,Netherlands,Tanks,2001,20,940
Belgium,Ukraine,Missiles,2001,42,210
Ukraine,Canada,Tanks,2001,31,1147
South Korea,Iran,Tanks,2001,3,111
Netherlands,Poland[b],Aircraft,2001,39,1131
Iran,Switzerland,Aircraft,2001,23,667
France[b],South Korea,Missiles,2001,40,760
Kuwait,Taiwan,Tanks,2001,48,1296
Russia[a],Romania,Tanks,2001,11,242
Philippines,Japan,Missiles,2001,46,506
Indonesia,France[b],Aircraft,2001,29,812
Poland[b],India,Aircraft,2001,5,135
Switzerland,China[a],Missiles,2001,31,1488
Sweden,Israel,Aircraft,2001,22,1012
Finland,Iraq,Aircraft,2001,23,184
Norway,Germany,Missiles,2001,23,1104
Sweden,Kuwait,Missiles,2001,28,476
Pakistan,Spain,Aircraft,2001,34,1496
Japan,Kuwait,Aircraft,2001,29,1450
Norway,Mexico,Aircraft,2001,32,448
Pakistan,Turkey,Missiles,2001,10,380
Japan,Taiwan,Aircraft,2001,14,168
Colombia,Switzerland,Aircraft,2001,36,612
Canada,Finland,Aircraft,2001,8,216
Australia,Philippines,Aircraft,2001,46,1104
Brazil,Czech Republic,Aircraft,2001,43,1161
Pakistan,China[a],Aircraft,2001,9,387
Iran,Sweden,Aircraft,2001,11,363
Canada,Australia,Tanks,2001,21,357
Brazil,Australia,Aircraft,2001,13,286
South Korea,United States,Aircraft,2001,36,1584
Russia[a],Italy,Missiles,2001,13,416
United Kingdom,Czech Republic,Tanks,2001,7,245
Israel,Saudi Arabia[a],Missiles,2001,21,273
Spain,Singapore,Aircraft,2001,27,891
Czech Republic,Russia[a],Aircraft,2001,45,270
Brazil,India,Aircraft,2001,10,480
Denmark,Singapore,Tanks,2001,9,387
Romania,Mexico,Missiles,2001,44,308
Algeria,Spain,Aircraft,2001,24,912
Algeria,United Kingdom,Missiles,2001,3,57
United States,Romania,Tanks,2001,49,637
Saudi Arabia[a],Iran,Tanks,2001,34,884
South Korea,Saudi Arabia[a],Aircraft,2001,15,585
Iraq,Belgium,Aircraft,2001,5,85
India,Netherlands,Tanks,2001,7,161
France[b],Philippines,Aircraft,2001,29,232
Mexico,Iran,Tanks,2001,10,130
Sweden,Turkey,Tanks,2001,30,360
Philippines,United Kingdom,Tanks,2001,15,705
China[a],Colombia,Tanks,2001,18,414
Israel,Australia,Missiles,2001,41,2009
Belgium,Kuwait,Tanks,2001,35,315
Algeria,Pakistan,Tanks,2001,3,96
India,Indonesia,Missiles,2001,14,644
Greece,Singapore,Aircraft,2001,24,1128
Belgium,Canada,Missiles,2001,1,45
Belgium,Taiwan,Tanks,2001,31,1395
Taiwan,Denmark,Missiles,2001,6,300
Mexico,Brazil,Tanks,2001,10,80
South Korea,Ukraine,Missiles,2001,24,144
Finland,Mexico,Missiles,2001,26,702
Spain,Kuwait,Aircraft,2001,43,946
Taiwan,India,Missiles,2001,5,190
Russia[a],Israel,Missiles,2001,36,792
Turkey,Romania,Aircraft,2001,29,1015
United States,Ukraine,Aircraft,2001,26,858
Poland[b],Sweden,Aircraft,2001,9,45
Turkey,Australia,Missiles,2001,2,40
Czech Republic,South Korea,Aircraft,2001,11,66
Kuwait,Iraq,Missiles,2001,6,102
Mexico,Romania,Tanks,2001,5,225
Australia,Norway,Tanks,2001,21,441
Iran,Australia,Aircraft,2001,47,1880
United States,France[b],Tanks,2001,48,1968
France[b],Romania,Aircraft,2001,2,36
United States,Italy,Tanks,2001,34,1020
Taiwan,Indonesia,Tanks,2001,38,380
Canada,Taiwan,Aircraft,2001,50,650
Algeria,Israel,Missiles,2002,12,456
Indonesia,Spain,Tanks,2002,30,510
United Kingdom,China[a],Tanks,2002,19,570
Algeria,France[b],Aircraft,2002,42,2100
Belgium,Canada,Missiles,2002,25,125
Greece,Philippines,Tanks,2002,50,2000
Belgium,Saudi Arabia[a],Tanks,2002,19,798
United States,Spain,Tanks,2002,34,340
Netherlands,Singapore,Aircraft,2002,40,560
Australia,Switzerland,Tanks,2002,46,920
Brazil,Ukraine,Tanks,2002,20,820
France[b],Sweden,Aircraft,2002,20,920
Indonesia,United States,Missiles,2002,26,1170
Turkey,Norway,Missiles,2002,39,1131
Czech Republic,Turkey,Missiles,2002,17,170
Pakistan,Iraq,Tanks,2002,1,28
Pakistan,Kuwait,Aircraft,2002,34,578
Italy,Denmark,Aircraft,2002,1,48
South Korea,Turkey,Tanks,2002,37,592
Brazil,Finland,Missiles,2002,23,989
Russia[a],Netherlands,Aircraft,2002,2,12
Germany,Iraq,Missiles,2002,8,136
Turkey,Australia,Aircraft,2002,4,52
India,Poland[b],Aircraft,2002,32,480
Belgium,Brazil,Tanks,2002,8,88
Spain,Czech Republic,Missiles,2002,27,918
Germany,France[b],Aircraft,2002,19,228
United States,Philippines,Aircraft,2002,23,322
United Kingdom,Singapore,Tanks,2002,27,378
Germany,Russia[a],Missiles,2002,27,486
Iraq,Algeria,Aircraft,2002,29,1044
Algeria,Russia[a],Missiles,2002,18,324
Norway,Sweden,Tanks,2002,40,1840
Saudi Arabia[a],Canada,Aircraft,2002,37,1443
Singapore,Sweden,Missiles,2002,20,400
Germany,Canada,Aircraft,2002,14,560
Finland,Ukraine,Tanks,2002,5,35
Netherlands,Iran,Tanks,2002,6,42
Denmark,Netherlands,Missiles,2002,50,450
India,Norway,Aircraft,2002,3,15
India,Switzerland,Missiles,2002,35,1680
Italy,Algeria,Missiles,2002,31,1116
Belgium,Denmark,Aircraft,2002,12,360
Mexico,Pakistan,Tanks,2002,32,864
Pakistan,Russia[a],Aircraft,2002,32,192
Iran,Ukraine,Missiles,2002,22,1056
Sweden,Mexico,Tanks,2002,38,1292
India,Ukraine,Missiles,2002,47,752
Germany,United Kingdom,Tanks,2002,3,69
Colombia,Romania,Missiles,2002,49,2156
Netherlands,Denmark,Tanks,2002,6,192
Greece,Iraq,Missiles,2002,47,235
Australia,Indonesia,Tanks,2002,18,126
Finland,Sweden,Aircraft,2002,22,154
Colombia,Poland[b],Tanks,2002,4,112
Sweden,India,Tanks,2002,10,420
Russia[a],Brazil,Missiles,2002,6,264
Finland,Ukraine,Aircraft,2002,15,255
France[b],Pakistan,Tanks,2002,50,2050
Israel,Iran,Aircraft,2002,39,1092
South Korea,Italy,Missiles,2002,27,1215
Iraq,South Korea,Missiles,2002,10,360
Denmark,Poland[b],Missiles,2002,2,82
Sweden,United Kingdom,Tanks,2002,6,276
Denmark,Philippines,Missiles,2002,27,945
Switzerland,India,Missiles,2002,23,552
United Kingdom,United States,Aircraft,2002,22,990
Mexico,Italy,Aircraft,2002,4,100
France[b],Germany,Missiles,2002,41,1558
Romania,Italy,Missiles,2002,45,1125
Poland[b],Switzerland,Missiles,2002,18,756
United States,Japan,Tanks,2002,27,864
Ukraine,France[b],Aircraft,2002,27,1080
Iran,Romania,Aircraft,2002,50,1000
Israel,Iraq,Missiles,2002,41,328
Indonesia,Netherlands,Aircraft,2002,25,800
Canada,Switzerland,Aircraft,2002,27,324
India,Norway,Aircraft,2002,23,138
Brazil,Indonesia,Tanks,2002,23,1058
Greece,Israel,Missiles,2002,42,1596
Israel,Pakistan,Tanks,2002,12,600
United Kingdom,India,Tanks,2002,42,756
Norway,Romania,Tanks,2002,2,72
Japan,Indonesia,Aircraft,2002,18,504
Belgium,Norway,Missiles,2002,39,195
Norway,France[b],Missiles,2002,50,650
Norway,Belgium,Aircraft,2002,49,588
Spain,United States,Tanks,2002,31,1426
Switzerland,Sweden,Tanks,2002,32,1344
Romania,Australia,Aircraft,2002,44,572
Finland,Italy,Tanks,2002,3,99
France[b],United States,Tanks,2002,44,572
Spain,Denmark,Aircraft,2002,8,184
Netherlands,Belgium,Tanks,2002,46,1656
Romania,Greece,Aircraft,2002,13,247
South Korea,Iran,Tanks,2002,5,30
South Korea,Australia,Tanks,2002,18,468
Greece,Belgium,Tanks,2003,27,756
South Korea,Indonesia,Aircraft,2003,34,1292
France[b],Denmark,Tanks,2003,15,630
Iraq,United Kingdom,Tanks,2003,15,645
Iran,Australia,Missiles,2003,48,1152
Iraq,Australia,Tanks,2003,14,546
Turkey,Belgium,Missiles,2003,27,810
Switzerland,Turkey,Missiles,2003,47,1081
South Korea,Israel,Aircraft,2003,18,252
Belgium,Russia[a],Aircraft,2003,30,360
Sweden,Spain,Missiles,2003,13,104
Switzerland,Ukraine,Aircraft,2003,19,646
Netherlands,France[b],Tanks,2003,39,273
Algeria,Russia[a],Aircraft,2003,5,210
Australia,Singapore,Aircraft,2003,35,385
Iraq,Romania,Tanks,2003,47,470
Turkey,Finland,Aircraft,2003,23,828
Italy,Denmark,Missiles,2003,7,336
Indonesia,Canada,Missiles,2003,13,260
Colombia,Czech Republic,Tanks,2003,31,1271
Romania,Czech Republic,Missiles,2003,14,504
Turkey,Russia[a],Aircraft,2003,6,264
Switzerland,Iran,Aircraft,2003,17,85
Kuwait,Philippines,Aircraft,2003,25,1050
Finland,Singapore,Aircraft,2003,30,1020
Italy,Denmark,Aircraft,2003,46,552
Colombia,Belgium,Tanks,2003,7,287
Kuwait,Poland[b],Aircraft,2003,33,1089
Pakistan,Colombia,Aircraft,2003,9,90
Philippines,Italy,Tanks,2003,31,217
China[a],Romania,Missiles,2003,36,396
Taiwan,South Korea,Missiles,2003,47,846
Czech Republic,Australia,Tanks,2003,18,702
United Kingdom,Indonesia,Missiles,2003,18,252
Iran,Brazil,Aircraft,2003,44,220
Spain,Algeria,Aircraft,2003,15,300
Greece,Spain,Aircraft,2003,17,238
Philippines,France[b],Aircraft,2003,19,912
Australia,Denmark,Missiles,2003,25,1050
China[a],United Kingdom,Aircraft,2003,28,1064
Germany,Australia,Missiles,2003,41,1722
Iran,China[a],Missiles,2003,23,713
Netherlands,Russia[a],Aircraft,2003,21,1050
Mexico,Poland[b],Aircraft,2003,50,600
Russia[a],Poland[b],Aircraft,2003,27,486
Turkey,Italy,Aircraft,2003,13,234
India,Poland[b],Aircraft,2003,22,704
Saudi Arabia[a],Brazil,Aircraft,2003,21,378
France[b],Japan,Aircraft,2003,27,405
Indonesia,Taiwan,Aircraft,2003,5,250
China[a],Israel,Tanks,2003,49,1225
Greece,Taiwan,Tanks,2003,35,1365
Indonesia,Turkey,Aircraft,2003,18,432
United Kingdom,Poland[b],Tanks,2003,7,336
Israel,Australia,Aircraft,2003,23,483
Iraq,Norway,Missiles,2003,19,342
United States,Saudi Arabia[a],Tanks,2003,38,342
Iran,Japan,Tanks,2003,21,147
Czech Republic,Iraq,Tanks,2003,4,132
Romania,South Korea,Missiles,2003,46,1288
Philippines,Pakistan,Aircraft,2003,7,112
Russia[a],Brazil,Aircraft,2003,39,390
Greece,Denmark,Aircraft,2003,39,1443
Spain,Iran,Aircraft,2003,30,1350
Algeria,Canada,Aircraft,2003,34,1564
India,Canada,Tanks,2003,24,912
Poland[b],Romania,Aircraft,2003,8,312
Russia[a],Switzerland,Aircraft,2003,17,374
Greece,Romania,Missiles,2003,12,480
Belgium,Canada,Tanks,2003,12,108
India,United Kingdom,Aircraft,2003,27,702
South Korea,Sweden,Missiles,2003,46,2254
Switzerland,United States,Aircraft,2003,3,51
Czech Republic,Taiwan,Tanks,2003,40,480
Netherlands,Brazil,Tanks,2003,32,1472
United States,Brazil,Aircraft,2003,7,112
Philippines,Canada,Missiles,2003,33,693
Greece,Sweden,Tanks,2003,36,1800
Norway,Germany,Tanks,2003,40,200
United Kingdom,Finland,Missiles,2003,9,315
Belgium,Switzerland,Missiles,2003,27,243
Ukraine,Germany,Missiles,2003,9,207
China[a],South Korea,Aircraft,2003,23,943
Brazil,France[b],Aircraft,2003,25,225
United Kingdom,Belgium,Aircraft,2003,47,2162
Singapore,Russia[a],Aircraft,2003,46,2070
Netherlands,Spain,Missiles,2003,41,1763
Saudi Arabia[a],Japan,Missiles,2003,29,1450
Denmark,Norway,Aircraft,2003,40,1520
Brazil,Saudi Arabia[a],Missiles,2003,42,672
Mexico,India,Aircraft,2003,30,750
Algeria,Netherlands,Tanks,2003,9,171
Taiwan,Algeria,Aircraft,2003,33,990
Taiwan,South Korea,Tanks,2003,29,377
United States,Germany,Tanks,2003,12,432
Iran,Denmark,Aircraft,2003,17,493
Pakistan,Turkey,Missiles,2003,31,806
Romania,Algeria,Missiles,2003,41,697
France[b],United States,Missiles,2004,44,1760
Philippines,Mexico,Missiles,2004,27,1188
Israel,Denmark,Missiles,2004,24,696
Singapore,Australia,Tanks,2004,10,450
Switzerland,Philippines,Missiles,2004,30,840
Taiwan,Turkey,Tanks,2004,45,855
Taiwan,Singapore,Aircraft,2004,49,2107
Switzerland,Netherlands,Missiles,2004,7,70
Algeria,Australia,Tanks,2004,46,2070
Ukraine,Singapore,Missiles,2004,40,1720
Turkey,Spain,Aircraft,2004,25,450
Greece,Norway,Aircraft,2004,28,196
Mexico,Singapore,Aircraft,2004,38,798
Algeria,Czech Republic,Tanks,2004,50,2150
Netherlands,Colombia,Missiles,2004,32,704
United States,Belgium,Aircraft,2004,25,1025
Sweden,Netherlands,Missiles,2004,15,345
Ukraine,Italy,Missiles,2004,12,96
Russia[a],Finland,Tanks,2004,34,1632
Greece,Colombia,Aircraft,2004,33,1254
Sweden,Czech Republic,Missiles,2004,50,400
Israel,Canada,Tanks,2004,37,851
France[b],United Kingdom,Tanks,2004,2,88
Netherlands,Greece,Tanks,2004,37,592
Israel,Belgium,Aircraft,2004,19,266
Australia,Belgium,Aircraft,2004,34,1530
China[a],Denmark,Aircraft,2004,26,286
China[a],Turkey,Aircraft,2004,2,96
Singapore,Turkey,Tanks,2004,6,156
Poland[b],Finland,Tanks,2004,38,1368
Saudi Arabia[a],Spain,Missiles,2004,23,115
Sweden,Russia[a],Aircraft,2004,43,989
Pakistan,Ukraine,Missiles,2004,29,1218
Russia[a],Romania,Tanks,2004,28,1344
Germany,Mexico,Missiles,2004,20,760
Greece,Poland[b],Missiles,2004,21,525
Iraq,Israel,Tanks,2004,50,2300
Mexico,Australia,Missiles,2004,15,270
Greece,India,Tanks,2004,13,429
Greece,Mexico,Tanks,2004,26,1248
United Kingdom,Czech Republic,Aircraft,2004,47,940
Kuwait,Taiwan,Missiles,2004,22,792
Norway,Pakistan,Aircraft,2004,23,253
Czech Republic,Mexico,Missiles,2004,17,374
Indonesia,India,Tanks,2004,7,154
Japan,United Kingdom,Missiles,2004,1,50
Finland,Czech Republic,Tanks,2004,8,384
Saudi Arabia[a],Taiwan,Aircraft,2004,16,624
Russia[a],Ukraine,Tanks,2004,36,972
Spain,Greece,Aircraft,2004,12,552
Switzerland,Saudi Arabia[a],Aircraft,2004,17,408
Philippines,Switzerland,Aircraft,2004,46,1978
Iraq,Germany,Aircraft,2004,10,60
Pakistan,Israel,Missiles,2004,14,700
Brazil,Taiwan,Missiles,2004,29,1044
Ukraine,Italy,Aircraft,2004,24,264
Saudi Arabia[a],Denmark,Tanks,2004,31,651
Indonesia,Poland[b],Aircraft,2004,12,72
Kuwait,Iraq,Tanks,2004,49,1960
Russia[a],Kuwait,Aircraft,2004,50,1450
Turkey,Germany,Aircraft,2004,6,240
Canada,Indonesia,Tanks,2004,36,864
Kuwait,Colombia,Missiles,2004,42,1218
Romania,Philippines,Missiles,2004,47,470
Romania,France[b],Missiles,2004,44,1012
Canada,France[b],Missiles,2004,47,752
Canada,Italy,Tanks,2004,15,480
Israel,Japan,Tanks,2004,22,352
Russia[a],Czech Republic,Aircraft,2004,47,2068
Israel,India,Tanks,2004,17,425
Sweden,Poland[b],Missiles,2004,28,1008
United Kingdom,Philippines,Aircraft,2004,45,765
Taiwan,India,Aircraft,2004,32,1504
Colombia,Finland,Tanks,2004,12,372
Colombia,China[a],Missiles,2004,32,1152
Indonesia,Czech Republic,Aircraft,2004,13,416
Colombia,Philippines,Aircraft,2004,33,1650
Brazil,Singapore,Tanks,2004,5,55
Turkey,Sweden,Tanks,2004,35,1645
Taiwan,South Korea,Missiles,2004,2,48
Brazil,Iraq,Aircraft,2004,26,234
Russia[a],South Korea,Tanks,2004,25,950
Brazil,Philippines,Missiles,2004,24,1128
Iraq,Netherlands,Tanks,2004,3,57
China[a],Israel,Missiles,2004,28,1008
Taiwan,South Korea,Tanks,2004,14,98
Switzerland,Canada,Missiles,2004,46,506
Israel,Poland[b],Aircraft,2004,13,78
Spain,Iran,Tanks,2004,8,176
Finland,Ukraine,Tanks,2004,34,884
Mexico,Russia[a],Aircraft,2004,21,924
Russia[a],Kuwait,Aircraft,2004,19,817
France[b],Finland,Missiles,2004,8,352
Japan,Sweden,Missiles,2004,2,100
Taiwan,Colombia,Missiles,2004,39,234
Turkey,Australia,Aircraft,2004,24,648
United States,Ukraine,Tanks,2004,48,1440
Turkey,Denmark,Missiles,2004,17,119
Greece,United States,Missiles,2005,23,966
Italy,Turkey,Aircraft,2005,10,490
Saudi Arabia[a],Colombia,Missiles,2005,8,264
South Korea,Australia,Tanks,2005,15,105
Algeria,Iran,Tanks,2005,28,1176
Taiwan,Russia[a],Missiles,2005,28,840
Singapore,Turkey,Aircraft,2005,5,140
Taiwan,Finland,Tanks,2005,41,1025
Poland[b],Turkey,Aircraft,2005,26,130
Saudi Arabia[a],Norway,Missiles,2005,25,375
Israel,Turkey,Missiles,2005,14,532
Iran,Belgium,Missiles,2005,33,330
Switzerland,Turkey,Tanks,2005,13,611
Ukraine,Indonesia,Missiles,2005,28,560
Iraq,Japan,Aircraft,2005,44,1980
Norway,Indonesia,Tanks,2005,48,1968
India,Japan,Tanks,2005,31,155
Saudi Arabia[a],Poland[b],Missiles,2005,34,306
Poland[b],Brazil,Tanks,2005,24,912
Kuwait,Poland[b],Tanks,2005,15,555
Colombia,Singapore,Missiles,2005,45,2070
Norway,Iraq,Aircraft,2005,3,96
Brazil,Czech Republic,Missiles,2005,14,210
France[b],Russia[a],Tanks,2005,34,884
Belgium,Poland[b],Tanks,2005,38,1064
Iran,Saudi Arabia[a],Missiles,2005,13,533
Sweden,Canada,Tanks,2005,10,250
Switzerland,Finland,Missiles,2005,7,231
Czech Republic,Russia[a],Aircraft,2005,33,1023
Saudi Arabia[a],Czech Republic,Missiles,2005,39,468
Canada,Netherlands,Aircraft,2005,18,828
Canada,Australia,Aircraft,2005,13,221
Czech Republic,Taiwan,Aircraft,2005,19,589
Turkey,Norway,Tanks,2005,35,1225
Singapore,China[a],Missiles,2005,2,80
Sweden,Turkey,Tanks,2005,45,945
Pakistan,Czech Republic,Aircraft,2005,27,1053
Philippines,Iran,Missiles,2005,7,329
Belgium,Philippines,Tanks,2005,50,650
Mexico,Pakistan,Tanks,2005,4,28
South Korea,Australia,Aircraft,2005,38,1558
Saudi Arabia[a],Japan,Missiles,2005,4,52
Pakistan,Canada,Tanks,2005,44,660
Italy,United States,Tanks,2005,34,1088
Taiwan,United Kingdom,Aircraft,2005,29,696
Pakistan,Israel,Missiles,2005,17,459
France[b],Israel,Tanks,2005,22,440
Finland,Pakistan,Missiles,2005,8,296
Greece,Iran,Tanks,2005,9,270
Canada,Norway,Tanks,2005,41,1558
South Korea,France[b],Aircraft,2005,7,322
Ukraine,Norway,Tanks,2005,30,420
Canada,Switzerland,Tanks,2005,17,323
Kuwait,Mexico,Missiles,2005,23,575
Norway,India,Aircraft,2005,43,817
Romania,Taiwan,Missiles,2005,25,275
United States,Colombia,Aircraft,2005,23,1058
South Korea,Czech Republic,Missiles,2005,48,2352
Netherlands,Turkey,Tanks,2005,35,420
Italy,France[b],Tanks,2005,36,936
Canada,Israel,Tanks,2005,28,1008
United Kingdom,Colombia,Tanks,2005,2,28
South Korea,Iraq,Aircraft,2005,47,470
Philippines,Singapore,Tanks,2005,9,234
Italy,Turkey,Tanks,2005,16,688
Australia,Netherlands,Aircraft,2005,26,130
Netherlands,Spain,Aircraft,2005,11,363
Czech Republic,Germany,Missiles,2005,27,486
Indonesia,Brazil,Aircraft,2005,17,816
China[a],Iraq,Missiles,2005,7,329
Indonesia,Greece,Tanks,2005,48,1536
Sweden,Finland,Aircraft,2005,2,18
United Kingdom,Israel,Aircraft,2005,46,1150
United Kingdom,Iraq,Aircraft,2005,29,435
Finland,South Korea,Missiles,2005,37,1369
Israel,Algeria,Missiles,2005,18,378
Algeria,Czech Republic,Tanks,2005,25,450
China[a],Australia,Tanks,2005,42,1554
Romania,United States,Missiles,2005,38,1292
Australia,Switzerland,Tanks,2005,33,264
Finland,Kuwait,Aircraft,2005,29,319
Italy,Kuwait,Aircraft,2005,7,126
Canada,Netherlands,Tanks,2005,42,1722
Iraq,Italy,Tanks,2005,31,1116
Iraq,Czech Republic,Missiles,2005,20,540
Canada,United States,Missiles,2005,35,700
Switzerland,Saudi Arabia[a],Aircraft,2005,50,2450
Ukraine,Denmark,Aircraft,2005,45,540
Finland,Iraq,Aircraft,2005,9,396
Iraq,India,Tanks,2005,30,1200
Russia[a],Germany,Missiles,2005,38,266
Norway,Ukraine,Missiles,2005,4,200
Finland,Norway,Tanks,2005,33,1155
Australia,Saudi Arabia[a],Aircraft,2005,41,492
Norway,Turkey,Aircraft,2005,39,1638
Finland,Saudi Arabia[a],Aircraft,2005,20,540
Switzerland,Czech Republic,Missiles,2005,11,231
Switzerland,Germany,Missiles,2005,33,363
Colombia,United States,Tanks,2006,43,1720
Philippines,Poland[b],Tanks,2006,8,360
Italy,Norway,Tanks,2006,21,420
Algeria,Germany,Missiles,2006,30,840
Russia[a],Colombia,Tanks,2006,8,128
Saudi Arabia[a],Iraq,Aircraft,2006,47,987
Germany,Iraq,Tanks,2006,23,989
Japan,Philippines,Aircraft,2006,22,682
Israel,Greece,Aircraft,2006,12,372
Pakistan,India,Aircraft,2006,32,448
Ukraine,South Korea,Missiles,2006,39,663
Sweden,Brazil,Tanks,2006,25,850
Israel,Iran,Missiles,2006,38,1216
Algeria,Germany,Missiles,2006,9,225
Greece,Israel,Missiles,2006,37,1628
Saudi Arabia[a],Iran,Tanks,2006,28,1036
Indonesia,Japan,Tanks,2006,10,230
Germany,Canada,Tanks,2006,24,216
United States,Denmark,Aircraft,2006,15,690
Greece,Sweden,Tanks,2006,27,891
Russia[a],Belgium,Aircraft,2006,17,102
Spain,Denmark,Aircraft,2006,4,160
Philippines,Japan,Tanks,2006,37,592
United Kingdom,Czech Republic,Missiles,2006,16,288
Germany,Italy,Aircraft,2006,12,408
United States,China[a],Aircraft,2006,44,528
Iran,Saudi Arabia[a],Missiles,2006,31,372
Singapore,Denmark,Aircraft,2006,7,301
Colombia,Australia,Tanks,2006,49,392
Algeria,United States,Tanks,2006,21,630
Israel,Russia[a],Missiles,2006,6,216
Singapore,Colombia,Tanks,2006,9,198
Canada,India,Aircraft,2006,9,90
Algeria,Denmark,Tanks,2006,49,1519
Iraq,Taiwan,Aircraft,2006,18,90
Netherlands,Taiwan,Aircraft,2006,13,624
Brazil,Singapore,Aircraft,2006,18,864
Mexico,Italy,Tanks,2006,21,609
Canada,Singapore,Tanks,2006,36,1224
Netherlands,Brazil,Missiles,2006,11,429
Sweden,Indonesia,Aircraft,2006,22,616
Greece,Turkey,Tanks,2006,5,150
Germany,Poland[b],Missiles,2006,18,108
Italy,Russia[a],Missiles,2006,14,322
Denmark,Italy,Missiles,2006,10,80
India,United States,Aircraft,2006,31,961
United States,Singapore,Aircraft,2006,30,1470
United Kingdom,South Korea,Tanks,2006,14,490
Canada,Philippines,Tanks,2006,5,80
Belgium,Algeria,Tanks,2006,38,722
Israel,Algeria,Aircraft,2006,18,666
Russia[a],Switzerland,Tanks,2006,15,435
Greece,United States,Aircraft,2006,36,648
Singapore,Romania,Missiles,2006,17,119
Poland[b],Belgium,Missiles,2006,44,1584
Norway,Greece,Tanks,2006,27,918
United States,Brazil,Tanks,2006,37,999
Brazil,Singapore,Aircraft,2006,22,418
South Korea,India,Aircraft,2006,48,1968
France[b],Turkey,Tanks,2006,8,328
Algeria,Japan,Tanks,2006,16,672
Spain,United Kingdom,Tanks,2006,36,936
United Kingdom,Ukraine,Tanks,2006,6,126
Philippines,United States,Missiles,2006,39,585
Netherlands,Saudi Arabia[a],Aircraft,2006,43,1978
Indonesia,Germany,Tanks,2006,14,672
Norway,Pakistan,Missiles,2006,21,168
Kuwait,Pakistan,Missiles,2006,36,1620
Switzerland,Australia,Tanks,2006,9,63
Mexico,Canada,Missiles,2006,44,1408
Philippines,Denmark,Missiles,2006,15,630
Denmark,Ukraine,Missiles,2006,16,496
South Korea,Spain,Aircraft,2006,13,364
Saudi Arabia[a],Russia[a],Aircraft,2006,3,108
Turkey,Romania,Aircraft,2006,42,924
China[a],Germany,Aircraft,2006,43,344
Taiwan,Mexico,Aircraft,2006,30,1200
Belgium,Sweden,Missiles,2006,22,396
Philippines,China[a],Tanks,2006,29,435
Brazil,Switzerland,Aircraft,2006,32,1024
Czech Republic,Colombia,Missiles,2006,3,114
Czech Republic,Germany,Tanks,2006,37,481
Turkey,Singapore,Aircraft,2006,42,1428
Spain,Philippines,Aircraft,2006,42,1050
United Kingdom,Singapore,Missiles,2006,41,1886
Japan,Taiwan,Aircraft,2006,19,171
Italy,United Kingdom,Missiles,2006,25,725
China[a],Saudi Arabia[a],Missiles,2006,6,264
Mexico,Germany,Tanks,2006,23,161
Singapore,Romania,Tanks,2006,6,264
Finland,Italy,Aircraft,2006,7,175
Italy,Norway,Missiles,2006,29,638
Switzerland,Iran,Aircraft,2006,28,756
Czech Republic,Iran,Aircraft,2006,35,1750
South Korea,Norway,Tanks,2006,6,204
Colombia,Kuwait,Tanks,2006,18,522
Canada,Norway,Missiles,2007,50,1050
United Kingdom,Mexico,Tanks,2007,30,450
Romania,Turkey,Missiles,2007,24,1104
Taiwan,Italy,Aircraft,2007,33,1056
Ukraine,Israel,Tanks,2007,15,120
Poland[b],Finland,Missiles,2007,9,234
Australia,Philippines,Tanks,2007,39,1638
Romania,Saudi Arabia[a],Tanks,2007,25,1050
Israel,Netherlands,Missiles,2007,42,1260
Netherlands,Mexico,Tanks,2007,29,1363
Mexico,Turkey,Tanks,2007,35,1295
Canada,Algeria,Aircraft,2007,1,12
India,Pakistan,Aircraft,2007,45,1845
Indonesia,Spain,Tanks,2007,41,1722
Turkey,Poland[b],Missiles,2007,46,1564
Iraq,India,Missiles,2007,1,30
United Kingdom,Greece,Tanks,2007,32,160
Japan,France[b],Missiles,2007,38,798
Philippines,Spain,Missiles,2007,19,285
Philippines,Ukraine,Tanks,2007,7,140
Algeria,Germany,Aircraft,2007,18,792
United Kingdom,Romania,Aircraft,2007,38,950
Taiwan,Norway,Tanks,2007,5,105
Norway,Taiwan,Tanks,2007,15,225
Germany,Russia[a],Aircraft,2007,35,1365
Canada,Japan,Missiles,2007,16,336
Colombia,Brazil,Missiles,2007,45,2205
Pakistan,Kuwait,Aircraft,2007,46,2208
Singapore,Denmark,Tanks,2007,23,1150
Colombia,Belgium,Aircraft,2007,10,480
Norway,Finland,Missiles,2007,41,533
Italy,Saudi Arabia[a],Aircraft,2007,26,234
Finland,Brazil,Tanks,2007,30,750
Italy,Sweden,Tanks,2007,23,115
Greece,Australia,Tanks,2007,32,1280
Poland[b],Romania,Aircraft,2007,1,40
South Korea,Iran,Aircraft,2007,37,370
Czech Republic,Germany,Tanks,2007,9,342
Singapore,Sweden,Aircraft,2007,23,690
Sweden,Russia[a],Missiles,2007,46,1196
Norway,Philippines,Aircraft,2007,35,1435
Pakistan,Belgium,Tanks,2007,18,792
Norway,Greece,Tanks,2007,33,462
Spain,Sweden,Missiles,2007,35,1750
Denmark,India,Tanks,2007,35,1225
Iran,Switzerland,Tanks,2007,9,234
Greece,Germany,Tanks,2007,18,504
United States,Norway,Missiles,2007,13,403
Norway,United States,Tanks,2007,50,300
Saudi Arabia[a],United States,Tanks,2007,37,1258
Mexico,Iran,Aircraft,2007,32,160
Norway,Israel,Tanks,2007,36,936
India,Romania,Aircraft,2007,22,660
Mexico,Israel,Tanks,2007,15,285
Philippines,Brazil,Tanks,2007,50,2150
Saudi Arabia[a],Greece,Tanks,2007,19,133
Denmark,Switzerland,Tanks,2007,44,924
United States,Saudi Arabia[a],Aircraft,2007,6,222
Greece,Mexico,Tanks,2007,16,368
China[a],Ukraine,Missiles,2007,29,1334
Romania,Denmark,Aircraft,2007,13,117
Taiwan,Belgium,Aircraft,2007,41,574
Germany,Russia[a],Tanks,2007,18,504
Iran,Japan,Missiles,2007,24,912
Colombia,Indonesia,Aircraft,2007,28,868
Ukraine,Italy,Aircraft,2007,3,54
Taiwan,Brazil,Tanks,2007,6,222
Turkey,Saudi Arabia[a],Aircraft,2007,19,323
Taiwan,India,Tanks,2007,4,96
Norway,Australia,Missiles,2007,31,1054
France[b],Mexico,Tanks,2007,18,162
China[a],South Korea,Aircraft,2007,20,560
Iraq,Indonesia,Aircraft,2007,48,960
Saudi Arabia[a],China[a],Aircraft,2007,8,152
Finland,France[b],Missiles,2007,5,115
Philippines,Poland[b],Aircraft,2007,47,846
Netherlands,Canada,Missiles,2007,21,693
Denmark,Pakistan,Missiles,2007,35,910
Italy,Sweden,Aircraft,2007,2,62
United States,India,Aircraft,2007,3,78
Denmark,Romania,Aircraft,2007,1,32
Iraq,Czech Republic,Tanks,2007,5,135
Philippines,Colombia,Tanks,2007,37,518
Singapore,Kuwait,Aircraft,2007,40,1560
Greece,Israel,Aircraft,2007,40,920
Indonesia,Saudi Arabia[a],Tanks,2007,24,456
Singapore,Ukraine,Missiles,2007,40,1360
Mexico,Turkey,Aircraft,2007,47,517
Algeria,United Kingdom,Missiles,2007,13,273
United Kingdom,Italy,Tanks,2007,32,1152
Algeria,United States,Tanks,2007,7,273
China[a],United States,Missiles,2007,9,180
Germany,Mexico,Tanks,2007,10,420
Israel,Saudi Arabia[a],Missiles,2007,50,250
China[a],Turkey,Tanks,2007,15,375
Turkey,Poland[b],Aircraft,2007,29,1015
Philippines,Pakistan,Missiles,2007,38,456
Turkey,Pakistan,Missiles,2007,47,517
Greece,Denmark,Aircraft,2007,30,1500
Israel,Czech Republic,Tanks,2008,21,819
Brazil,Philippines,Missiles,2008,25,700
Turkey,Norway,Aircraft,2008,4,48
Sweden,Belgium,Missiles,2008,30,1470
Australia,France[b],Aircraft,2008,28,840
Mexico,Denmark,Tanks,2008,35,1645
Algeria,Australia,Aircraft,2008,21,147
Finland,Denmark,Missiles,2008,23,322
Romania,Mexico,Missiles,2008,43,1161
Algeria,Denmark,Tanks,2008,35,1645
Algeria,Indonesia,Missiles,2008,9,234
Colombia,Pakistan,Aircraft,2008,29,406
Kuwait,Algeria,Tanks,2008,33,1023
Kuwait,Pakistan,Tanks,2008,41,1148
Singapore,Germany,Aircraft,2008,1,15
Poland[b],Netherlands,Tanks,2008,37,1221
Denmark,Czech Republic,Missiles,2008,31,1240
Pakistan,Czech Republic,Tanks,2008,2,44
Finland,Mexico,Tanks,2008,11,231
China[a],Denmark,Tanks,2008,18,360
Germany,Brazil,Tanks,2008,15,645
Brazil,United States,Tanks,2008,25,625
Sweden,Algeria,Missiles,2008,45,270
Singapore,Netherlands,Tanks,2008,12,288
Singapore,Denmark,Tanks,2008,46,1012
Finland,United States,Missiles,2008,13,637
Indonesia,Colombia,Tanks,2008,8,384
Denmark,United States,Aircraft,2008,34,1190
Turkey,Sweden,Aircraft,2008,41,2009
India,Indonesia,Aircraft,2008,30,900
Poland[b],Ukraine,Aircraft,2008,49,1372
Saudi Arabia[a],India,Aircraft,2008,20,520
Australia,Canada,Aircraft,2008,41,369
Norway,Turkey,Missiles,2008,17,204
South Korea,Pakistan,Tanks,2008,43,2107
Brazil,Switzerland,Aircraft,2008,6,168
China[a],Denmark,Missiles,2008,15,210
Japan,Saudi Arabia[a],Missiles,2008,14,168
Philippines,Ukraine,Tanks,2008,50,2300
Iraq,Israel,Missiles,2008,31,620
Canada,Australia,Tanks,2008,21,693
China[a],Norway,Missiles,2008,11,506
Italy,China[a],Aircraft,2008,45,2070
Mexico,Iraq,Missiles,2008,17,391
China[a],Philippines,Tanks,2008,1,21
India,Kuwait,Aircraft,2008,37,925
Philippines,Iran,Aircraft,2008,30,960
Romania,Sweden,Missiles,2008,34,782
Japan,Colombia,Tanks,2008,20,880
China[a],Finland,Tanks,2008,41,1722
Turkey,Taiwan,Missiles,2008,25,250
Switzerland,Saudi Arabia[a],Missiles,2008,25,1175
Kuwait,Poland[b],Aircraft,2008,35,210
Iran,Switzerland,Aircraft,2008,4,60
Ukraine,Brazil,Missiles,2008,12,372
Iraq,Netherlands,Missiles,2008,35,875
Algeria,United Kingdom,Missiles,2008,32,448
Ukraine,Brazil,Missiles,2008,26,364
Germany,Russia[a],Aircraft,2008,4,188
Finland,Turkey,Aircraft,2008,47,1363
Philippines,Iraq,Missiles,2008,17,136
Algeria,Indonesia,Tanks,2008,47,376
Belgium,Colombia,Aircraft,2008,49,1813
Israel,Pakistan,Aircraft,2008,39,351
Norway,Colombia,Missiles,2008,29,812
Ukraine,Iraq,Aircraft,2008,2,52
Brazil,United States,Aircraft,2008,32,1184
Romania,Switzerland,Tanks,2008,34,646
Greece,Canada,Tanks,2008,48,336
India,Turkey,Missiles,2008,1,41
Colombia,United States,Aircraft,2008,5,35
South Korea,Belgium,Missiles,2008,48,1632
Belgium,United States,Aircraft,2008,46,1426
Romania,Kuwait,Aircraft,2008,1,29
Australia,Mexico,Aircraft,2008,5,85
Greece,Switzerland,Aircraft,2008,19,931
Iran,Canada,Missiles,2008,32,416
Netherlands,Pakistan,Aircraft,2008,2,78
Mexico,India,Aircraft,2008,30,270
Russia[a],Czech Republic,Missiles,2008,50,1300
Finland,China[a],Tanks,2008,14,126
Spain,Czech Republic,Missiles,2008,8,376
Finland,Czech Republic,Missiles,2008,5,45
United Kingdom,United States,Aircraft,2008,20,820
Switzerland,Saudi Arabia[a],Tanks,2008,3,57
Spain,Canada,Missiles,2008,5,240
Denmark,Australia,Missiles,2008,2,58
United Kingdom,Netherlands,Tanks,2008,17,816
Algeria,Israel,Missiles,2008,43,1806
Romania,Colombia,Tanks,2008,33,858
Ukraine,Algeria,Aircraft,2008,36,684
Pakistan,Iraq,Missiles,2008,35,1330
Romania,Norway,Tanks,2008,31,1271
Denmark,Kuwait,Aircraft,2008,24,792
Denmark,Spain,Tanks,2008,16,176
Poland[b],Australia,Missiles,2008,34,442
Netherlands,Ukraine,Missiles,2008,5,155
Algeria,Indonesia,Missiles,2009,38,1254
Romania,Taiwan,Aircraft,2009,12,300
Australia,Colombia,Tanks,2009,7,343
Brazil,China[a],Tanks,2009,50,2100
China[a],Taiwan,Missiles,2009,21,231
Israel,Greece,Aircraft,2009,8,112
Sweden,Germany,Aircraft,2009,7,133
Brazil,France[b],Missiles,2009,16,800
Iran,India,Missiles,2009,36,216
Indonesia,Romania,Tanks,2009,19,456
Canada,Pakistan,Tanks,2009,47,705
Czech Republic,Brazil,Aircraft,2009,12,444
Algeria,Italy,Tanks,2009,20,580
Colombia,Romania,Tanks,2009,11,330
Finland,Russia[a],Missiles,2009,36,216
China[a],Greece,Missiles,2009,30,1230
Indonesia,Israel,Tanks,2009,13,533
Mexico,Spain,Aircraft,2009,4,88
Denmark,Iran,Missiles,2009,12,372
Belgium,United States,Tanks,2009,6,30
Ukraine,Philippines,Missiles,2009,7,217
Czech Republic,Kuwait,Tanks,2009,48,1824
Greece,Israel,Missiles,2009,12,432
Finland,China[a],Missiles,2009,20,640
Australia,Italy,Aircraft,2009,40,1680
Norway,France[b],Tanks,2009,2,94
Finland,Iran,Tanks,2009,43,817
Germany,Norway,Aircraft,2009,23,368
Turkey,Germany,Aircraft,2009,32,160
Saudi Arabia[a],Czech Republic,Tanks,2009,4,112
Poland[b],India,Aircraft,2009,49,1862
China[a],Czech Republic,Tanks,2009,49,2254
Israel,India,Tanks,2009,7,294
Colombia,Czech Republic,Aircraft,2009,30,780
Singapore,Mexico,Missiles,2009,10,170
Italy,Israel,Missiles,2009,48,288
Philippines,Sweden,Aircraft,2009,25,550
France[b],Norway,Aircraft,2009,25,950
Canada,Russia[a],Missiles,2009,42,588
Mexico,Kuwait,Missiles,2009,39,702
Romania,Spain,Missiles,2009,45,1125
United Kingdom,China[a],Missiles,2009,35,315
Taiwan,Greece,Missiles,2009,4,176
Philippines,Finland,Aircraft,2009,6,144
Turkey,Iraq,Missiles,2009,44,968
Australia,India,Tanks,2009,25,150
Iran,Kuwait,Missiles,2009,30,360
South Korea,China[a],Tanks,2009,8,128
India,Canada,Missiles,2009,38,1520
Belgium,Pakistan,Aircraft,2009,48,528
Czech Republic,Algeria,Missiles,2009,25,550
Greece,Iran,Aircraft,2009,41,492
Italy,Pakistan,Missiles,2009,3,21
Australia,Turkey,Tanks,2009,34,306
Germany,Norway,Aircraft,2009,24,960
South Korea,Belgium,Missiles,2009,3,93
Finland,Russia[a],Tanks,2009,29,870
Australia,Iran,Tanks,2009,47,1692
Netherlands,United Kingdom,Tanks,2009,44,660
Canada,Singapore,Tanks,2009,13,637
United Kingdom,Australia,Missiles,2009,37,1147
Russia[a],Netherlands,Missiles,2009,15,285
Saudi Arabia[a],Taiwan,Missiles,2009,24,1080
Germany,France[b],Missiles,2009,43,1892
Greece,Taiwan,Aircraft,2009,33,792
Mexico,South Korea,Tanks,2009,4,144
Norway,Taiwan,Tanks,2009,10,350
Colombia,Philippines,Tanks,2009,42,210
Saudi Arabia[a],Pakistan,Tanks,2009,49,2156
Turkey,Finland,Tanks,2009,44,1892
United States,Singapore,Aircraft,2009,43,1204
United States,Iran,Tanks,2009,20,320
Algeria,Turkey,Missiles,2009,14,602
Denmark,Sweden,Missiles,2009,25,625
Mexico,Norway,Missiles,2009,24,840
Belgium,China[a],Tanks,2009,21,420
Colombia,Denmark,Tanks,2009,11,132
Iraq,Russia[a],Tanks,2009,15,315
Colombia,Iran,Aircraft,2009,33,1023
Czech Republic,Pakistan,Missiles,2009,37,1147
Germany,India,Tanks,2009,11,143
Colombia,Ukraine,Tanks,2009,19,437
Ukraine,Switzerland,Tanks,2009,4,124
Saudi Arabia[a],Taiwan,Tanks,2009,7,91
Israel,India,Aircraft,2009,42,798
Saudi Arabia[a],Sweden,Tanks,2009,13,650
Indonesia,Pakistan,Tanks,2009,41,984
Iran,Israel,Aircraft,2009,3,126
Kuwait,Turkey,Aircraft,2009,28,1232
Greece,Canada,Tanks,2009,42,882
Indonesia,Germany,Missiles,2009,36,1476
Iraq,Algeria,Missiles,2009,4,80
Canada,Romania,Aircraft,2009,23,460
Italy,Iraq,Aircraft,2009,48,1104
Pakistan,Mexico,Missiles,2009,25,900
United Kingdom,Netherlands,Tanks,2009,22,220
Indonesia,Australia,Aircraft,2009,18,864
France[b],Taiwan,Tanks,2009,18,270
Philippines,Indonesia,Tanks,2009,16,768
Pakistan,Germany,Tanks,2010,4,28
Czech Republic,France[b],Missiles,2010,47,846
Belgium,Italy,Aircraft,2010,13,117
Ukraine,Czech Republic,Aircraft,2010,26,728
Indonesia,Pakistan,Missiles,2010,2,46
Turkey,Indonesia,Tanks,2010,19,855
Belgium,Algeria,Tanks,2010,50,450
Ukraine,Philippines,Aircraft,2010,13,442
Kuwait,Ukraine,Missiles,2010,13,247
Canada,Greece,Tanks,2010,48,1344
Iraq,Netherlands,Tanks,2010,14,378
Spain,Japan,Missiles,2010,7,308
Colombia,Spain,Aircraft,2010,50,2050
Switzerland,South Korea,Missiles,2010,17,833
Brazil,Algeria,Aircraft,2010,16,544
Australia,Spain,Tanks,2010,13,637
Finland,Canada,Missiles,2010,35,1400
France[b],Turkey,Tanks,2010,45,1035
Israel,Colombia,Aircraft,2010,1,29
Mexico,Israel,Missiles,2010,42,2016
Israel,Mexico,Tanks,2010,23,529
South Korea,India,Missiles,2010,5,185
Iran,Belgium,Missiles,2010,39,1716
Australia,United Kingdom,Aircraft,2010,25,1100
China[a],Switzerland,Tanks,2010,36,1620
Japan,France[b],Tanks,2010,12,420
Czech Republic,Germany,Aircraft,2010,33,1320
Canada,South Korea,Tanks,2010,17,374
Greece,Pakistan,Missiles,2010,40,1560
United Kingdom,United States,Missiles,2010,35,1050
Indonesia,Spain,Tanks,2010,48,240
Colombia,Spain,Tanks,2010,7,175
Saudi Arabia[a],Russia[a],Tanks,2010,32,1088
Germany,United States,Tanks,2010,38,228
South Korea,Japan,Aircraft,2010,36,1368
Netherlands,Iraq,Aircraft,2010,10,180
France[b],Italy,Aircraft,2010,32,1216
India,Finland,Tanks,2010,42,504
United States,Finland,Aircraft,2010,4,200
China[a],Russia[a],Missiles,2010,2,10
France[b],Finland,Tanks,2010,36,288
China[a],Iran,Tanks,2010,9,189
Iraq,India,Missiles,2010,29,899
Greece,Denmark,Missiles,2010,6,294
Russia[a],Kuwait,Tanks,2010,22,242
Denmark,Spain,Aircraft,2010,19,361
Czech Republic,Brazil,Tanks,2010,21,777
Japan,Belgium,Tanks,2010,41,1107
India,Poland[b],Aircraft,2010,17,408
Italy,Belgium,Tanks,2010,2,100
Taiwan,Australia,Tanks,2010,46,2300
Taiwan,China[a],Aircraft,2010,50,500
Australia,Brazil,Tanks,2010,49,784
Ukraine,Saudi Arabia[a],Missiles,2010,3,90
Kuwait,Indonesia,Tanks,2010,22,748
Taiwan,Brazil,Aircraft,2010,18,414
India,Poland[b],Aircraft,2010,47,1316
Taiwan,Saudi Arabia[a],Missiles,2010,34,1258
Spain,United States,Tanks,2010,48,864
India,France[b],Tanks,2010,4,100
Iran,Philippines,Missiles,2010,9,63
Germany,Iran,Missiles,2010,17,629
Switzerland,Belgium,Tanks,2010,28,1036
Ukraine,Spain,Aircraft,2010,23,1035
Brazil,Norway,Aircraft,2010,21,609
Poland[b],France[b],Missiles,2010,50,1750
Japan,Greece,Missiles,2010,4,144
Romania,France[b],Aircraft,2010,6,216
China[a],Pakistan,Missiles,2010,30,780
Algeria,Sweden,Aircraft,2010,5,155
Russia[a],Finland,Missiles,2010,34,204
Philippines,United States,Tanks,2010,27,810
Iran,Czech Republic,Missiles,2010,33,1518
Greece,Russia[a],Missiles,2010,43,1290
Greece,Finland,Aircraft,2010,45,1080
Czech Republic,Belgium,Tanks,2010,45,855
Sweden,Netherlands,Tanks,2010,39,1677
Germany,Belgium,Missiles,2010,21,315
Kuwait,Indonesia,Missiles,2010,46,506
Denmark,India,Tanks,2010,44,264
Iraq,Israel,Tanks,2010,24,1104
India,Indonesia,Aircraft,2010,3,102
Finland,India,Aircraft,2010,1,16
Poland[b],Indonesia,Missiles,2010,43,2021
Iraq,Ukraine,Tanks,2010,3,123
Kuwait,Mexico,Missiles,2010,6,102
Germany,Algeria,Tanks,2010,30,720
Turkey,South Korea,Aircraft,2010,11,154
Mexico,Singapore,Missiles,2010,8,344
Sweden,Finland,Aircraft,2010,37,925
Russia[a],Switzerland,Missiles,2010,28,560
Singapore,United States,Aircraft,2010,5,245
France[b],Ukraine,Aircraft,2010,38,836
Philippines,Turkey,Aircraft,2010,39,585
Norway,Colombia,Missiles,2010,21,714
Greece,Taiwan,Aircraft,2010,1,35
Saudi Arabia[a],Norway,Missiles,2010,50,450
Germany,Russia[a],Aircraft,2011,13,598
Mexico,Greece,Aircraft,2011,29,435
Netherlands,Israel,Aircraft,2011,4,20
Greece,Mexico,Tanks,2011,19,285
Italy,France[b],Missiles,2011,15,180
Indonesia,Germany,Aircraft,2011,48,768
Japan,Indonesia,Aircraft,2011,43,1075
Taiwan,China[a],Tanks,2011,16,768
France[b],Germany,Tanks,2011,1,18
Sweden,Spain,Missiles,2011,45,1620
Algeria,Saudi Arabia[a],Aircraft,2011,1,46
Indonesia,Germany,Aircraft,2011,28,756
France[b],Iraq,Tanks,2011,33,957
Germany,Spain,Missiles,2011,42,1806
Mexico,Russia[a],Aircraft,2011,41,492
Finland,Colombia,Tanks,2011,12,492
Netherlands,Saudi Arabia[a],Tanks,2011,22,374
Mexico,Italy,Aircraft,2011,33,1452
China[a],Australia,Aircraft,2011,33,660
Singapore,France[b],Tanks,2011,15,135
Czech Republic,Colombia,Missiles,2011,22,968
Japan,Denmark,Aircraft,2011,42,1050
Pakistan,Israel,Aircraft,2011,22,550
Greece,Finland,Aircraft,2011,1,48
Italy,Kuwait,Tanks,2011,45,990
Czech Republic,Japan,Aircraft,2011,36,432
Poland[b],Norway,Missiles,2011,10,280
Sweden,Pakistan,Missiles,2011,43,1806
Ukraine,Sweden,Missiles,2011,18,108
Czech Republic,France[b],Aircraft,2011,13,533
India,United Kingdom,Missiles,2011,18,198
Algeria,Taiwan,Missiles,2011,13,650
United Kingdom,Italy,Tanks,2011,39,975
Poland[b],Greece,Aircraft,2011,47,376
Indonesia,Sweden,Tanks,2011,6,48
Israel,France[b],Aircraft,2011,7,266
Pakistan,Belgium,Missiles,2011,21,840
Russia[a],Finland,Tanks,2011,11,385
Colombia,Netherlands,Missiles,2011,32,800
Israel,Norway,Aircraft,2011,42,714
Algeria,Norway,Aircraft,2011,32,1568
Poland[b],Switzerland,Aircraft,2011,38,380
Iraq,Czech Republic,Tanks,2011,2,70
Belgium,Mexico,Aircraft,2011,10,200
Switzerland,Indonesia,Tanks,2011,41,820
Algeria,Australia,Aircraft,2011,25,850
Turkey,India,Missiles,2011,30,1290
Spain,Brazil,Aircraft,2011,9,63
Canada,Philippines,Tanks,2011,42,882
Indonesia,Netherlands,Aircraft,2011,12,504
Spain,Taiwan,Aircraft,2011,36,1332
Algeria,Turkey,Aircraft,2011,22,396
Denmark,Finland,Missiles,2011,50,700
Iran,Iraq,Tanks,2011,49,2352
Czech Republic,Norway,Missiles,2011,26,1066
Iran,Denmark,Missiles,2011,50,1750
Saudi Arabia[a],Ukraine,Tanks,2011,9,189
Poland[b],Ukraine,Tanks,2011,18,576
Sweden,Poland[b],Tanks,2011,46,1380
United Kingdom,Switzerland,Tanks,2011,27,756
Sweden,South Korea,Aircraft,2011,13,117
Turkey,Sweden,Tanks,2011,33,759
United Kingdom,Sweden,Tanks,2011,21,819
Taiwan,Pakistan,Aircraft,2011,5,195
Italy,India,Tanks,2011,4,52
United States,Spain,Missiles,2011,24,936
Taiwan,Sweden,Missiles,2011,47,2350
Poland[b],Russia[a],Tanks,2011,22,638
Colombia,Canada,Aircraft,2011,16,256
India,Brazil,Aircraft,2011,41,574
Singapore,South Korea,Aircraft,2011,23,736
Russia[a],India,Aircraft,2011,9,81
India,Greece,Missiles,2011,37,1850
Belgium,Poland[b],Tanks,2011,38,1900
Mexico,Russia[a],Aircraft,2011,21,546
Poland[b],Finland,Aircraft,2011,43,1462
Japan,United States,Aircraft,2011,50,1550
Singapore,Kuwait,Missiles,2011,20,720
Switzerland,India,Missiles,2011,21,126
United Kingdom,Indonesia,Missiles,2011,39,1482
Israel,Poland[b],Tanks,2011,31,744
Pakistan,Philippines,Tanks,2011,2,24
Finland,Romania,Tanks,2011,17,425
Turkey,Italy,Tanks,2011,38,1368
Spain,Turkey,Tanks,2011,9,351
China[a],Ukraine,Missiles,2011,12,312
Canada,South Korea,Tanks,2011,41,1640
Indonesia,United States,Missiles,2011,1,11
Ukraine,Sweden,Tanks,2011,27,864
United Kingdom,United States,Aircraft,2011,2,14
South Korea,Poland[b],Aircraft,2012,37,555
Pakistan,Taiwan,Aircraft,2012,17,714
Italy,Norway,Missiles,2012,43,258
Sweden,Belgium,Tanks,2012,48,1584
Mexico,Brazil,Aircraft,2012,33,1320
Italy,Norway,Missiles,2012,26,546
Colombia,Denmark,Aircraft,2012,21,504
United States,Canada,Aircraft,2012,43,473
Switzerland,Pakistan,Tanks,2012,49,1323
Poland[b],Czech Republic,Missiles,2012,16,208
Finland,Colombia,Tanks,2012,14,602
South Korea,India,Tanks,2012,48,624
China[a],Belgium,Missiles,2012,1,22
Netherlands,India,Tanks,2012,37,1554
Algeria,Brazil,Tanks,2012,24,840
Kuwait,Indonesia,Tanks,2012,28,1064
Canada,Mexico,Missiles,2012,50,400
Australia,Spain,Aircraft,2012,32,1440
Canada,Philippines,Aircraft,2012,21,315
Spain,Australia,Tanks,2012,43,1462
India,South Korea,Tanks,2012,44,880
Greece,Brazil,Missiles,2012,42,294
Denmark,Romania,Aircraft,2012,12,432
Singapore,Netherlands,Missiles,2012,8,216
Kuwait,Poland[b],Aircraft,2012,10,450
Poland[b],France[b],Aircraft,2012,2,18
United Kingdom,Israel,Aircraft,2012,50,2250
Switzerland,South Korea,Tanks,2012,1,47
Colombia,Ukraine,Tanks,2012,44,748
Mexico,Italy,Tanks,2012,47,2350
Algeria,Czech Republic,Tanks,2012,19,741
Pakistan,Saudi Arabia[a],Aircraft,2012,35,665
France[b],Iraq,Aircraft,2012,38,1254
Indonesia,Ukraine,Missiles,2012,7,210
Switzerland,Taiwan,Aircraft,2012,7,105
Ukraine,Philippines,Tanks,2012,4,128
Japan,Indonesia,Tanks,2012,29,1102
Denmark,Ukraine,Missiles,2012,26,130
Russia[a],Iraq,Tanks,2012,41,205
Iraq,Israel,Missiles,2012,34,986
China[a],Kuwait,Missiles,2012,45,900
Ukraine,Iran,Tanks,2012,23,782
Denmark,Japan,Tanks,2012,20,960
Indonesia,Canada,Missiles,2012,9,216
Czech Republic,Poland[b],Missiles,2012,18,522
Iran,Israel,Tanks,2012,30,450
Belgium,Iran,Aircraft,2012,8,128
Indonesia,Australia,Tanks,2012,28,1316
Taiwan,Denmark,Aircraft,2012,34,1360
France[b],India,Missiles,2012,23,529
Singapore,Finland,Tanks,2012,48,1392
South Korea,Japan,Aircraft,2012,6,90
Colombia,Norway,Aircraft,2012,48,624
Russia[a],Pakistan,Aircraft,2012,29,899
Kuwait,Mexico,Aircraft,2012,46,1656
Poland[b],Netherlands,Aircraft,2012,24,912
Indonesia,Colombia,Missiles,2012,23,483
Czech Republic,Japan,Tanks,2012,14,644
Italy,Greece,Tanks,2012,16,704
Czech Republic,Pakistan,Aircraft,2012,15,255
Philippines,Finland,Aircraft,2012,23,782
Russia[a],Belgium,Tanks,2012,50,1150
Philippines,United States,Tanks,2012,23,529
Romania,Poland[b],Aircraft,2012,39,234
Colombia,Ukraine,Missiles,2012,47,2350
Brazil,Netherlands,Tanks,2012,42,1218
Taiwan,Norway,Missiles,2012,27,1242
Iran,France[b],Tanks,2012,2,74
Philippines,Finland,Tanks,2012,20,940
United States,Iraq,Tanks,2012,49,245
Poland[b],Netherlands,Aircraft,2012,3,90
Spain,Taiwan,Tanks,2012,15,600
United States,Switzerland,Tanks,2012,38,798
Turkey,Italy,Tanks,2012,6,36
Italy,Spain,Tanks,2012,14,392
Sweden,Saudi Arabia[a],Missiles,2012,44,1188
Sweden,Romania,Aircraft,2012,14,574
Switzerland,Brazil,Aircraft,2012,2,68
France[b],Singapore,Tanks,2012,28,1036
Iran,South Korea,Tanks,2012,7,196
Australia,Indonesia,Missiles,2012,12,192
United States,Canada,Tanks,2012,8,208
China[a],Belgium,Tanks,2012,4,168
Singapore,Norway,Aircraft,2012,41,1722
Romania,Iran,Missiles,2012,22,110
United States,Netherlands,Tanks,2012,9,225
Japan,Italy,Missiles,2012,42,588
Romania,Switzerland,Missiles,2012,39,1443
Netherlands,Israel,Missiles,2012,10,310
Russia[a],Australia,Missiles,2012,25,375
Kuwait,Greece,Missiles,2012,42,378
Czech Republic,Iran,Missiles,2012,14,546
Netherlands,Kuwait,Aircraft,2012,29,812
Taiwan,Belgium,Tanks,2012,37,1221
Philippines,Canada,Missiles,2012,14,168
Saudi Arabia[a],Australia,Tanks,2012,3,72
Mexico,Sweden,Aircraft,2012,4,56
Netherlands,Spain,Tanks,2013,6,216
Algeria,Colombia,Aircraft,2013,12,588
Australia,Saudi Arabia[a],Missiles,2013,5,55
Italy,Kuwait,Tanks,2013,47,1786
Finland,Norway,Tanks,2013,8,208
Spain,Kuwait,Tanks,2013,38,1862
Taiwan,Czech Republic,Missiles,2013,49,1764
Turkey,Belgium,Tanks,2013,39,1872
Czech Republic,Norway,Aircraft,2013,36,396
Italy,Kuwait,Aircraft,2013,12,456
Belgium,Mexico,Aircraft,2013,11,440
Colombia,Taiwan,Missiles,2013,31,310
Israel,Iran,Tanks,2013,37,666
Mexico,Iran,Missiles,2013,43,516
Switzerland,South Korea,Aircraft,2013,3,75
Israel,Russia[a],Missiles,2013,26,130
Switzerland,Canada,Aircraft,2013,4,56
China[a],Brazil,Aircraft,2013,29,174
Germany,Czech Republic,Missiles,2013,8,152
Germany,China[a],Aircraft,2013,37,1221
Norway,Canada,Aircraft,2013,34,1394
Mexico,Taiwan,Aircraft,2013,35,735
Netherlands,United States,Aircraft,2013,47,1128
Sweden,Algeria,Missiles,2013,13,611
South Korea,Turkey,Missiles,2013,1,27
United States,Indonesia,Aircraft,2013,22,506
Brazil,Greece,Aircraft,2013,22,924
Russia[a],Iran,Tanks,2013,27,621
South Korea,China[a],Aircraft,2013,31,341
Denmark,Singapore,Tanks,2013,16,576
Indonesia,Finland,Aircraft,2013,7,336
Kuwait,Germany,Aircraft,2013,50,1550
Greece,Romania,Tanks,2013,28,280
Switzerland,France[b],Tanks,2013,5,180
France[b],Saudi Arabia[a],Missiles,2013,33,495
Italy,Denmark,Tanks,2013,33,231
China[a],Norway,Missiles,2013,3,60
Sweden,Netherlands,Missiles,2013,23,874
Colombia,Singapore,Missiles,2013,17,187
United Kingdom,Greece,Missiles,2013,43,989
Taiwan,Ukraine,Aircraft,2013,47,893
Japan,Saudi Arabia[a],Aircraft,2013,15,690
Denmark,Indonesia,Missiles,2013,38,760
Greece,Sweden,Aircraft,2013,13,221
Pakistan,South Korea,Missiles,2013,3,81
Ukraine,Algeria,Missiles,2013,49,931
Saudi Arabia[a],Turkey,Missiles,2013,43,1978
Japan,Canada,Tanks,2013,4,56
Japan,Germany,Missiles,2013,38,1406
Iraq,Iran,Tanks,2013,3,105
China[a],Algeria,Tanks,2013,21,378
Australia,Israel,Aircraft,2013,45,1440
Japan,Singapore,Missiles,2013,8,272
Germany,Greece,Missiles,2013,50,800
Romania,China[a],Tanks,2013,1,38
Finland,Turkey,Aircraft,2013,3,30
Pakistan,Israel,Missiles,2013,19,228
Netherlands,Saudi Arabia[a],Tanks,2013,41,1435
China[a],Brazil,Aircraft,2013,19,570
Taiwan,Brazil,Aircraft,2013,32,896
Colombia,Kuwait,Aircraft,2013,36,432
Poland[b],Spain,Missiles,2013,5,230
Turkey,Netherlands,Aircraft,2013,31,372
Israel,Sweden,Missiles,2013,49,294
United Kingdom,Czech Republic,Aircraft,2013,36,1800
Japan,Italy,Missiles,2013,8,48
Brazil,Saudi Arabia[a],Aircraft,2013,40,560
Czech Republic,Indonesia,Aircraft,2013,19,912
Pakistan,Netherlands,Aircraft,2013,1,8
Singapore,Taiwan,Missiles,2013,29,609
China[a],India,Aircraft,2013,17,221
Japan,Ukraine,Tanks,2013,30,1110
China[a],Greece,Missiles,2013,49,392
Spain,Indonesia,Aircraft,2013,18,864
Russia[a],Mexico,Missiles,2013,2,90
Saudi Arabia[a],Brazil,Aircraft,2013,43,215
United Kingdom,Italy,Missiles,2013,38,722
Taiwan,Netherlands,Aircraft,2013,23,782
Australia,United Kingdom,Missiles,2013,44,1892
Taiwan,China[a],Aircraft,2013,37,1776
Kuwait,Israel,Aircraft,2013,11,517
Ukraine,United Kingdom,Tanks,2013,7,189
Italy,Poland[b],Missiles,2013,34,544
Japan,Colombia,Missiles,2013,3,135
Finland,Norway,Missiles,2013,4,124
Philippines,Taiwan,Tanks,2013,8,224
Saudi Arabia[a],Czech Republic,Aircraft,2013,43,1591
France[b],Switzerland,Tanks,2013,43,2021
Singapore,United States,Missiles,2013,2,64
Pakistan,Spain,Missiles,2013,3,57
Algeria,Mexico,Aircraft,2013,27,270
Iran,Singapore,Tanks,2013,45,1215
Norway,Iran,Tanks,2013,21,588
Finland,Denmark,Missiles,2013,26,546
Italy,Romania,Aircraft,2013,30,1110
Australia,Sweden,Missiles,2013,23,828
Iran,Pakistan,Missiles,2013,29,522
South Korea,India,Aircraft,2013,26,1144
Denmark,Iraq,Missiles,2014,4,92
Norway,Romania,Aircraft,2014,43,1634
Poland[b],China[a],Aircraft,2014,30,900
Pakistan,Netherlands,Missiles,2014,21,819
Greece,Netherlands,Tanks,2014,32,1312
Italy,Japan,Aircraft,2014,40,200
Germany,Australia,Tanks,2014,12,528
Italy,Switzerland,Tanks,2014,7,133
Belgium,Sweden,Tanks,2014,3,54
Saudi Arabia[a],Philippines,Missiles,2014,11,88
Belgium,Norway,Missiles,2014,32,1504
Germany,Iraq,Tanks,2014,4,112
Spain,Switzerland,Tanks,2014,32,576
Turkey,Kuwait,Missiles,2014,5,75
Kuwait,Italy,Missiles,2014,25,875
Netherlands,Iran,Missiles,2014,2,68
Netherlands,Poland[b],Tanks,2014,46,1656
United Kingdom,Italy,Aircraft,2014,33,264
Norway,Mexico,Aircraft,2014,14,196
China[a],Germany,Missiles,2014,44,1760
Norway,Philippines,Tanks,2014,21,819
Switzerland,Algeria,Missiles,2014,29,1218
Netherlands,Singapore,Missiles,2014,15,645
Canada,Spain,Aircraft,2014,22,286
Poland[b],United Kingdom,Tanks,2014,49,1519
Philippines,Algeria,Aircraft,2014,36,540
Norway,Pakistan,Missiles,2014,42,1974
Israel,Indonesia,Tanks,2014,12,312
Denmark,Brazil,Tanks,2014,41,1107
Turkey,United Kingdom,Missiles,2014,44,1760
Algeria,Kuwait,Tanks,2014,5,185
Netherlands,Romania,Aircraft,2014,46,874
South Korea,Philippines,Aircraft,2014,35,1295
Iran,Czech Republic,Tanks,2014,45,1710
Greece,United States,Tanks,2014,6,180
Belgium,Poland[b],Tanks,2014,42,1638
Switzerland,Sweden,Tanks,2014,39,1365
Taiwan,Ukraine,Aircraft,2014,12,180
Kuwait,Spain,Aircraft,2014,13,78
Finland,Czech Republic,Tanks,2014,41,779
Germany,Norway,Tanks,2014,4,116
Brazil,China[a],Tanks,2014,43,1247
Sweden,Poland[b],Tanks,2014,14,644
South Korea,Kuwait,Tanks,2014,43,430
Germany,South Korea,Tanks,2014,41,2009
Spain,Japan,Missiles,2014,40,600
Netherlands,Algeria,Missiles,2014,21,105
Philippines,Saudi Arabia[a],Missiles,2014,44,1716
Russia[a],Singapore,Tanks,2014,11,495
Belgium,United States,Missiles,2014,30,180
Belgium,United Kingdom,Tanks,2014,2,54
Australia,Iran,Tanks,2014,29,522
South Korea,Norway,Missiles,2014,11,319
Brazil,Israel,Missiles,2014,9,342
Romania,Japan,Missiles,2014,5,150
Czech Republic,Japan,Aircraft,2014,4,176
China[a],South Korea,Tanks,2014,39,1053
Poland[b],Kuwait,Aircraft,2014,16,208
Philippines,Mexico,Aircraft,2014,28,1316
Germany,Greece,Missiles,2014,30,1350
United Kingdom,Taiwan,Tanks,2014,30,1080
Norway,Iraq,Tanks,2014,46,966
Iraq,Russia[a],Aircraft,2014,34,1088
Pakistan,Turkey,Missiles,2014,23,1035
Colombia,Israel,Tanks,2014,28,952
France[b],Indonesia,Missiles,2014,39,1209
Czech Republic,Singapore,Missiles,2014,33,396
India,Germany,Tanks,2014,36,180
Ukraine,Singapore,Aircraft,2014,31,1457
Israel,Iraq,Missiles,2014,47,1974
Philippines,Japan,Aircraft,2014,4,36
Sweden,Philippines,Missiles,2014,3,117
Israel,Italy,Aircraft,2014,17,595
Romania,Sweden,Aircraft,2014,5,215
Netherlands,Brazil,Missiles,2014,50,1400
Philippines,Colombia,Tanks,2014,26,1300
Turkey,Italy,Tanks,2014,30,1260
Czech Republic,Indonesia,Missiles,2014,48,1632
Israel,Philippines,Tanks,2014,40,400
Italy,Brazil,Missiles,2014,7,301
Poland[b],Denmark,Tanks,2014,32,864
Kuwait,Sweden,Missiles,2014,15,300
China[a],Netherlands,Missiles,2014,24,792
Colombia,Czech Republic,Tanks,2014,15,540
Belgium,Taiwan,Aircraft,2014,7,63
Netherlands,Colombia,Missiles,2014,12,324
Mexico,Poland[b],Aircraft,2014,20,860
Japan,Romania,Aircraft,2014,22,1012
Iraq,Czech Republic,Tanks,2014,23,1081
Saudi Arabia[a],Turkey,Aircraft,2014,32,1312
Philippines,Italy,Aircraft,2014,50,750
Norway,Iran,Missiles,2014,24,1152
Iran,Switzerland,Aircraft,2014,23,391
Kuwait,Belgium,Tanks,2014,36,576
Poland[b],Norway,Tanks,2014,8,192
Indonesia,Saudi Arabia[a],Tanks,2014,18,576
Australia,Mexico,Tanks,2014,12,168
France[b],Mexico,Missiles,2015,45,1845
Brazil,Czech Republic,Missiles,2015,44,1672
Pakistan,Philippines,Tanks,2015,17,493
Ukraine,Poland[b],Missiles,2015,35,735
Netherlands,Ukraine,Aircraft,2015,23,391
Australia,United States,Aircraft,2015,22,220
Singapore,Belgium,Missiles,2015,8,120
Germany,South Korea,Missiles,2015,24,1008
United Kingdom,Greece,Tanks,2015,27,594
Poland[b],Romania,Aircraft,2015,11,484
Canada,Switzerland,Aircraft,2015,39,741
Ukraine,Iran,Tanks,2015,34,782
Denmark,France[b],Missiles,2015,48,576
Algeria,Germany,Missiles,2015,31,806
Belgium,Sweden,Missiles,2015,24,408
Israel,Italy,Tanks,2015,15,405
Philippines,Norway,Aircraft,2015,3,15
Pakistan,Mexico,Missiles,2015,22,990
Pakistan,Czech Republic,Tanks,2015,13,442
Czech Republic,Brazil,Missiles,2015,5,115
Finland,Sweden,Missiles,2015,17,340
Turkey,Germany,Aircraft,2015,21,336
Brazil,Spain,Tanks,2015,36,1332
Colombia,Indonesia,Tanks,2015,50,2000
Finland,Romania,Missiles,2015,36,1476
Ukraine,Indonesia,Aircraft,2015,22,418
China[a],Singapore,Aircraft,2015,42,1680
Brazil,Greece,Aircraft,2015,30,180
Brazil,China[a],Missiles,2015,6,180
Japan,Turkey,Missiles,2015,22,836
Algeria,Russia[a],Aircraft,2015,36,1728
United States,India,Tanks,2015,40,2000
Sweden,Singapore,Tanks,2015,12,384
United States,Singapore,Missiles,2015,22,770
Poland[b],Brazil,Aircraft,2015,10,420
Belgium,Australia,Missiles,2015,9,243
India,Algeria,Missiles,2015,38,1216
Singapore,India,Missiles,2015,24,744
Algeria,Ukraine,Tanks,2015,30,450
Spain,Turkey,Missiles,2015,16,384
Ukraine,Singapore,Tanks,2015,32,320
Belgium,Mexico,Missiles,2015,22,836
Greece,Poland[b],Aircraft,2015,32,864
China[a],Turkey,Aircraft,2015,15,630
Spain,Kuwait,Tanks,2015,27,1134
Saudi Arabia[a],Canada,Aircraft,2015,4,40
India,Sweden,Aircraft,2015,50,250
India,United Kingdom,Aircraft,2015,29,696
Pakistan,Romania,Tanks,2015,7,70
South Korea,Russia[a],Tanks,2015,18,612
Turkey,Israel,Aircraft,2015,14,546
Taiwan,Kuwait,Missiles,2015,6,120
Turkey,South Korea,Aircraft,2015,23,759
Indonesia,Switzerland,Missiles,2015,14,672
Germany,Sweden,Aircraft,2015,21,924
Finland,Philippines,Missiles,2015,3,129
Australia,Spain,Missiles,2015,37,1073
Russia[a],Finland,Aircraft,2015,42,378
Kuwait,Iraq,Tanks,2015,43,1161
Romania,Poland[b],Aircraft,2015,17,272
Iraq,Belgium,Tanks,2015,14,504
United States,Philippines,Tanks,2015,37,703
South Korea,Russia[a],Missiles,2015,30,1500
Turkey,Australia,Missiles,2015,48,2208
Germany,Australia,Aircraft,2015,43,387
Kuwait,Switzerland,Aircraft,2015,49,1323
Indonesia,Iran,Tanks,2015,6,216
Pakistan,Canada,Aircraft,2015,23,1150
Indonesia,Greece,Missiles,2015,36,1368
Singapore,Romania,Tanks,2015,23,322
Finland,Norway,Missiles,2015,15,120
Iran,Romania,Tanks,2015,45,315
Ukraine,France[b],Aircraft,2015,37,407
Italy,United States,Aircraft,2015,47,1128
Denmark,Saudi Arabia[a],Tanks,2015,11,209
United Kingdom,Romania,Missiles,2015,12,360
Romania,Spain,Tanks,2015,1,37
Poland[b],Sweden,Aircraft,2015,1,49
Iran,Ukraine,Missiles,2015,5,155
Brazil,Germany,Missiles,2015,28,532
India,Saudi Arabia[a],Missiles,2015,22,1078
Singapore,Finland,Aircraft,2015,32,1408
Pakistan,Sweden,Missiles,2015,5,190
Philippines,Japan,Missiles,2015,33,759
Canada,Saudi Arabia[a],Aircraft,2015,20,640
Greece,Australia,Aircraft,2015,17,136
United Kingdom,Saudi Arabia[a],Aircraft,2015,22,286
Iran,Ukraine,Tanks,2015,45,1395
Pakistan,Mexico,Tanks,2015,47,329
Switzerland,Brazil,Aircraft,2015,18,432
Turkey,Mexico,Missiles,2015,2,98
Netherlands,Poland[b],Missiles,2015,44,1276
Switzerland,Taiwan,Missiles,2015,43,946
France[b],South Korea,Missiles,2015,46,2208
Iraq,Norway,Missiles,2015,35,1295
Iran,Finland,Missiles,2015,21,987
Sweden,South Korea,Missiles,2015,11,231
United States,South Korea,Aircraft,2015,17,680
Israel,Colombia,Tanks,2016,46,2254
Pakistan,Saudi Arabia[a],Aircraft,2016,40,1320
Indonesia,Poland[b],Aircraft,2016,2,98
Poland[b],Singapore,Aircraft,2016,4,184
Indonesia,Mexico,Missiles,2016,14,336
United Kingdom,United States,Tanks,2016,41,779
Italy,Brazil,Aircraft,2016,6,30
Iraq,Spain,Missiles,2016,7,308
Pakistan,Indonesia,Aircraft,2016,15,135
Iraq,Indonesia,Tanks,2016,30,750
China[a],Czech Republic,Missiles,2016,17,459
Romania,Norway,Missiles,2016,18,810
Ukraine,Italy,Tanks,2016,41,574
Philippines,Russia[a],Aircraft,2016,25,325
Norway,Taiwan,Aircraft,2016,24,912
Brazil,Mexico,Tanks,2016,46,1196
Greece,Finland,Aircraft,2016,45,495
Brazil,Israel,Aircraft,2016,3,21
Iran,Romania,Aircraft,2016,5,140
Iraq,India,Aircraft,2016,13,572
Spain,Mexico,Tanks,2016,1,31
Taiwan,France[b],Tanks,2016,6,138
Turkey,Romania,Aircraft,2016,33,1254
Poland[b],Pakistan,Tanks,2016,19,152
Italy,Taiwan,Tanks,2016,49,882
Denmark,Spain,Tanks,2016,3,30
Italy,Iraq,Tanks,2016,30,180
Czech Republic,Switzerland,Tanks,2016,20,280
Australia,Poland[b],Aircraft,2016,41,943
Japan,India,Tanks,2016,16,352
Brazil,Iran,Missiles,2016,19,323
Kuwait,Spain,Missiles,2016,41,328
Germany,Turkey,Missiles,2016,40,1720
Pakistan,Ukraine,Tanks,2016,38,1862
Philippines,France[b],Tanks,2016,11,407
Australia,India,Missiles,2016,30,270
Japan,Italy,Aircraft,2016,26,494
Italy,Russia[a],Aircraft,2016,23,575
Turkey,Ukraine,Tanks,2016,23,897
Iraq,Germany,Aircraft,2016,13,442
Indonesia,Norway,Missiles,2016,35,840
Norway,Kuwait,Missiles,2016,49,2205
Poland[b],Indonesia,Aircraft,2016,43,1892
Turkey,Iran,Tanks,2016,44,1760
United States,Czech Republic,Missiles,2016,38,1596
Colombia,India,Aircraft,2016,13,312
Ukraine,Poland[b],Missiles,2016,14,630
Philippines,Greece,Missiles,2016,42,210
Kuwait,Pakistan,Tanks,2016,46,644
Poland[b],Turkey,Aircraft,2016,12,456
Australia,South Korea,Aircraft,2016,42,2058
Switzerland,Japan,Tanks,2016,20,500
Netherlands,Israel,Aircraft,2016,28,280
Australia,Netherlands,Missiles,2016,17,306
Romania,India,Aircraft,2016,20,400
Indonesia,Colombia,Aircraft,2016,16,592
Canada,United States,Aircraft,2016,15,345
Italy,Sweden,Missiles,2016,15,75
Iraq,Poland[b],Aircraft,2016,42,1092
South Korea,Turkey,Tanks,2016,3,72
United Kingdom,Taiwan,Missiles,2016,12,132
Italy,Czech Republic,Missiles,2016,39,1833
Norway,Spain,Missiles,2016,3,36
Iraq,Belgium,Tanks,2016,21,504
Greece,Algeria,Tanks,2016,15,360
Germany,Mexico,Tanks,2016,39,858
Switzerland,Ukraine,Tanks,2016,30,900
Algeria,Taiwan,Missiles,2016,45,1575
Algeria,Finland,Tanks,2016,18,540
Poland[b],Germany,Missiles,2016,9,450
Indonesia,Sweden,Tanks,2016,50,450
Norway,Pakistan,Tanks,2016,7,91
Indonesia,Germany,Aircraft,2016,18,756
Saudi Arabia[a],Spain,Aircraft,2016,18,306
United States,Poland[b],Missiles,2016,42,462
Netherlands,Indonesia,Tanks,2016,9,360
Spain,Czech Republic,Tanks,2016,21,546
Iran,Singapore,Aircraft,2016,48,336
Brazil,Switzerland,Aircraft,2016,24,744
Poland[b],Mexico,Tanks,2016,9,270
Norway,Brazil,Aircraft,2016,6,246
Canada,Czech Republic,Aircraft,2016,16,432
Norway,Finland,Aircraft,2016,3,135
Canada,South Korea,Tanks,2016,2,28
Philippines,United Kingdom,Missiles,2016,18,486
Czech Republic,Taiwan,Aircraft,2016,14,504
Sweden,Australia,Aircraft,2016,14,588
Czech Republic,Turkey,Tanks,2016,4,116
Taiwan,China[a],Tanks,2016,38,1216
Mexico,Sweden,Tanks,2016,5,55
Australia,Turkey,Tanks,2016,8,216
Spain,China[a],Tanks,2016,36,432
Brazil,Ukraine,Tanks,2016,25,700
Turkey,Pakistan,Tanks,2016,18,792
Singapore,Kuwait,Missiles,2016,3,141
Greece,Canada,Tanks,2016,27,486
Italy,Norway,Tanks,2016,11,165
France[b],Italy,Aircraft,2017,6,42
France[b],Turkey,Missiles,2017,42,966
Saudi Arabia[a],Algeria,Aircraft,2017,50,1450
Brazil,Italy,Missiles,2017,34,1360
Norway,Philippines,Missiles,2017,22,242
Finland,Czech Republic,Aircraft,2017,6,258
Taiwan,Ukraine,Tanks,2017,50,1350
Germany,Iran,Tanks,2017,36,1548
Russia[a],Algeria,Missiles,2017,4,172
Canada,Indonesia,Aircraft,2017,19,513
Canada,Czech Republic,Tanks,2017,7,196
United Kingdom,Iraq,Missiles,2017,33,1386
Germany,Norway,Missiles,2017,4,104
Kuwait,India,Aircraft,2017,28,1204
China[a],Spain,Missiles,2017,40,1480
Philippines,Belgium,Aircraft,2017,17,136
Taiwan,Saudi Arabia[a],Aircraft,2017,1,30
Kuwait,India,Missiles,2017,35,1715
Romania,Turkey,Tanks,2017,42,1512
Italy,Saudi Arabia[a],Aircraft,2017,43,1720
South Korea,Algeria,Missiles,2017,28,840
Brazil,United Kingdom,Aircraft,2017,27,1242
Denmark,Indonesia,Missiles,2017,8,312
Sweden,Saudi Arabia[a],Aircraft,2017,41,205
Finland,Pakistan,Missiles,2017,28,868
Belgium,Pakistan,Missiles,2017,48,2016
Poland[b],United States,Missiles,2017,28,1232
Turkey,South Korea,Aircraft,2017,29,725
United States,Indonesia,Tanks,2017,34,1122
India,United States,Missiles,2017,2,68
Norway,Italy,Aircraft,2017,39,429
Philippines,Romania,Tanks,2017,44,748
South Korea,Brazil,Tanks,2017,42,1680
Saudi Arabia[a],Taiwan,Aircraft,2017,4,76
Greece,Japan,Tanks,2017,15,660
Spain,Finland,Tanks,2017,39,975
Finland,Algeria,Tanks,2017,37,1221
Switzerland,Mexico,Missiles,2017,1,10
Norway,Pakistan,Aircraft,2017,22,330
Russia[a],France[b],Tanks,2017,46,2116
Switzerland,Pakistan,Aircraft,2017,41,1517
Greece,Turkey,Tanks,2017,5,235
Israel,Indonesia,Missiles,2017,49,1911
Norway,Sweden,Missiles,2017,33,1419
United States,Brazil,Aircraft,2017,35,770
Romania,Norway,Missiles,2017,18,522
France[b],Russia[a],Aircraft,2017,35,1155
Taiwan,Kuwait,Missiles,2017,31,465
Finland,Germany,Aircraft,2017,27,756
Taiwan,Saudi Arabia[a],Aircraft,2017,7,322
Spain,China[a],Aircraft,2017,4,60
France[b],Brazil,Tanks,2017,35,1190
United Kingdom,Philippines,Tanks,2017,6,216
Belgium,Norway,Missiles,2017,41,492
India,Philippines,Aircraft,2017,38,304
Saudi Arabia[a],India,Aircraft,2017,50,2400
Kuwait,Brazil,Missiles,2017,2,28
Czech Republic,Norway,Aircraft,2017,21,777
Saudi Arabia[a],France[b],Aircraft,2017,22,682
Iraq,Japan,Missiles,2017,41,369
Iraq,Brazil,Aircraft,2017,28,140
Spain,Pakistan,Aircraft,2017,21,273
France[b],Philippines,Missiles,2017,12,144
Israel,Taiwan,Tanks,2017,2,24
United Kingdom,Saudi Arabia[a],Aircraft,2017,19,836
Greece,South Korea,Aircraft,2017,1,27
Netherlands,Iraq,Tanks,2017,22,792
United Kingdom,Colombia,Missiles,2017,14,700
Switzerland,Colombia,Tanks,2017,10,260
Philippines,Poland[b],Missiles,2017,14,350
Denmark,United Kingdom,Missiles,2017,34,1428
Russia[a],Mexico,Aircraft,2017,15,360
China[a],Switzerland,Tanks,2017,34,1394
Iraq,Norway,Missiles,2017,4,68
Mexico,Colombia,Tanks,2017,16,800
Ukraine,Switzerland,Tanks,2017,37,592
Norway,Taiwan,Aircraft,2017,10,270
Mexico,India,Missiles,2017,1,13
Belgium,Singapore,Aircraft,2017,9,180
China[a],Kuwait,Aircraft,2017,19,361
Russia[a],Singapore,Missiles,2017,50,2050
Pakistan,Norway,Missiles,2017,18,684
Iraq,Czech Republic,Aircraft,2017,25,400
Czech Republic,Taiwan,Aircraft,2017,50,800
Germany,Mexico,Tanks,2017,13,143
Singapore,China[a],Aircraft,2017,42,294
Australia,Colombia,Aircraft,2017,33,297
France[b],Norway,Aircraft,2017,1,19
Colombia,Pakistan,Tanks,2017,48,2112
France[b],Germany,Aircraft,2017,22,176
Kuwait,Pakistan,Missiles,2017,41,1312
Pakistan,France[b],Missiles,2017,21,882
India,Ukraine,Aircraft,2017,11,308
Philippines,Pakistan,Tanks,2017,25,875
Netherlands,Germany,Missiles,2017,32,608
Philippines,Canada,Tanks,2017,12,264
Belgium,Finland,Tanks,2017,29,435
India,Indonesia,Missiles,2017,30,150
Poland[b],Algeria,Tanks,2018,14,574
Philippines,Romania,Missiles,2018,19,190
Japan,Belgium,Aircraft,2018,26,624
Philippines,Netherlands,Tanks,2018,35,1435
Brazil,Germany,Aircraft,2018,9,414
Kuwait,Belgium,Aircraft,2018,38,190
Netherlands,Israel,Missiles,2018,38,874
Israel,China[a],Aircraft,2018,11,341
Czech Republic,United Kingdom,Tanks,2018,14,602
United States,Iraq,Missiles,2018,38,570
Sweden,Canada,Aircraft,2018,15,495
Kuwait,Ukraine,Tanks,2018,36,1368
Saudi Arabia[a],Spain,Aircraft,2018,14,182
Japan,France[b],Aircraft,2018,29,406
Spain,Sweden,Aircraft,2018,45,1980
Taiwan,Greece,Aircraft,2018,35,910
Canada,Netherlands,Aircraft,2018,21,630
Kuwait,Belgium,Tanks,2018,31,899
Greece,Russia[a],Aircraft,2018,6,300
Pakistan,Iraq,Missiles,2018,7,224
Pakistan,Australia,Missiles,2018,20,840
Singapore,Colombia,Missiles,2018,10,100
Russia[a],Iran,Tanks,2018,34,1020
Italy,Australia,Missiles,2018,9,387
Switzerland,Mexico,Missiles,2018,41,2009
Greece,Canada,Aircraft,2018,1,24
Denmark,Poland[b],Tanks,2018,46,506
Denmark,Algeria,Aircraft,2018,10,450
Germany,Kuwait,Missiles,2018,23,138
Singapore,India,Missiles,2018,27,702
Saudi Arabia[a],Kuwait,Tanks,2018,21,609
Kuwait,Algeria,Tanks,2018,12,300
Czech Republic,Iraq,Aircraft,2018,13,429
Germany,Australia,Aircraft,2018,9,180
Czech Republic,France[b],Aircraft,2018,42,2100
Sweden,Netherlands,Aircraft,2018,46,1886
Sweden,South Korea,Tanks,2018,31,465
Colombia,Saudi Arabia[a],Missiles,2018,14,266
Brazil,France[b],Tanks,2018,42,2058
Belgium,India,Aircraft,2018,6,300
Iran,Taiwan,Missiles,2018,22,990
India,Switzerland,Missiles,2018,26,182
South Korea,Turkey,Tanks,2018,44,1232
Canada,Algeria,Aircraft,2018,26,260
Singapore,China[a],Aircraft,2018,47,1034
Belgium,India,Tanks,2018,19,722
Singapore,Ukraine,Tanks,2018,25,450
Iraq,Finland,Tanks,2018,8,216
Switzerland,Iran,Tanks,2018,31,1550
Indonesia,China[a],Missiles,2018,12,204
Czech Republic,Poland[b],Tanks,2018,44,1628
Belgium,China[a],Aircraft,2018,50,1050
Italy,Iran,Tanks,2018,12,96
Australia,Singapore,Missiles,2018,5,210
Mexico,Switzerland,Missiles,2018,45,450
South Korea,Denmark,Aircraft,2018,45,1890
Sweden,Canada,Tanks,2018,7,210
France[b],Russia[a],Tanks,2018,31,155
Kuwait,South Korea,Tanks,2018,38,532
Kuwait,Romania,Missiles,2018,46,1840
India,Saudi Arabia[a],Aircraft,2018,24,216
Switzerland,Iran,Aircraft,2018,44,2024
Denmark,Germany,Aircraft,2018,38,418
Norway,Poland[b],Tanks,2018,8,328
Pakistan,Australia,Tanks,2018,17,714
Turkey,United States,Missiles,2018,29,1450
Israel,Spain,Tanks,2018,33,363
China[a],Poland[b],Tanks,2018,22,726
Brazil,Australia,Aircraft,2018,31,496
Switzerland,China[a],Tanks,2018,13,429
Denmark,Italy,Tanks,2018,10,120
Spain,Algeria,Missiles,2018,23,207
Poland[b],Iran,Tanks,2018,27,1080
Denmark,Kuwait,Tanks,2018,32,512
France[b],Ukraine,Tanks,2018,46,644
India,Sweden,Tanks,2018,3,102
Germany,Japan,Tanks,2018,23,552
Japan,Mexico,Aircraft,2018,50,1650
Belgium,United States,Aircraft,2018,34,1632
Belgium,Turkey,Aircraft,2018,40,240
Norway,Pakistan,Aircraft,2018,17,612
Norway,Iran,Tanks,2018,44,1540
Iraq,Switzerland,Aircraft,2018,22,924
Belgium,Singapore,Aircraft,2018,43,1892
United States,Finland,Tanks,2018,48,1488
Canada,Switzerland,Missiles,2018,49,2058
Spain,Taiwan,Aircraft,2018,22,572
Israel,Turkey,Tanks,2018,6,222
Switzerland,Indonesia,Missiles,2018,48,1872
Germany,Brazil,Aircraft,2018,20,820
Romania,Kuwait,Missiles,2018,31,248
Denmark,Iraq,Tanks,2018,37,1443
Philippines,India,Aircraft,2018,30,630
Belgium,Iran,Tanks,2018,39,624
Japan,Russia[a],Aircraft,2018,50,2350
Romania,France[b],Missiles,2018,6,210
United Kingdom,Canada,Tanks,2018,40,1280
Denmark,Switzerland,Missiles,2019,6,294
Japan,Romania,Missiles,2019,33,924
Greece,United States,Tanks,2019,39,741
South Korea,United States,Missiles,2019,19,266
Kuwait,Germany,Tanks,2019,14,686
China[a],France[b],Tanks,2019,31,1550
Brazil,Colombia,Missiles,2019,34,850
Germany,China[a],Aircraft,2019,37,740
Iran,Israel,Missiles,2019,14,630
Australia,Poland[b],Missiles,2019,36,288
Greece,United Kingdom,Aircraft,2019,19,190
Israel,Denmark,Missiles,2019,31,1271
Iran,Poland[b],Missiles,2019,8,304
France[b],Germany,Missiles,2019,17,459
Israel,Turkey,Aircraft,2019,37,222
Turkey,Spain,Missiles,2019,22,462
Sweden,Denmark,Aircraft,2019,23,667
South Korea,Taiwan,Missiles,2019,6,96
Brazil,Spain,Tanks,2019,10,130
Mexico,Netherlands,Missiles,2019,5,75
France[b],Taiwan,Tanks,2019,29,783
Norway,Czech Republic,Aircraft,2019,7,210
Kuwait,Pakistan,Aircraft,2019,15,465
South Korea,Canada,Aircraft,2019,46,828
Belgium,Australia,Missiles,2019,44,704
Taiwan,Singapore,Tanks,2019,7,133
Italy,Iran,Missiles,2019,18,630
Colombia,Japan,Aircraft,2019,24,744
Taiwan,Switzerland,Aircraft,2019,7,168
Belgium,Algeria,Aircraft,2019,3,129
Algeria,Germany,Aircraft,2019,17,85
Philippines,Israel,Aircraft,2019,12,576
Kuwait,Italy,Missiles,2019,17,663
Philippines,Ukraine,Missiles,2019,25,825
Romania,Taiwan,Tanks,2019,17,119
Netherlands,Finland,Aircraft,2019,29,290
Italy,Saudi Arabia[a],Tanks,2019,26,260
Poland[b],Pakistan,Aircraft,2019,10,460
India,Algeria,Aircraft,2019,39,1092
Pakistan,Russia[a],Tanks,2019,50,2100
Iraq,Czech Republic,Aircraft,2019,30,1140
Poland[b],Italy,Tanks,2019,22,924
United States,Algeria,Missiles,2019,22,308
France[b],Israel,Tanks,2019,49,2205
Mexico,Israel,Tanks,2019,33,1353
Finland,Sweden,Tanks,2019,15,75
Brazil,Saudi Arabia[a],Missiles,2019,12,396
Norway,China[a],Missiles,2019,45,1935
Brazil,Denmark,Aircraft,2019,39,429
Czech Republic,Brazil,Tanks,2019,4,144
Australia,France[b],Missiles,2019,46,1104
Iran,United States,Aircraft,2019,14,224
China[a],India,Aircraft,2019,9,369
Kuwait,United States,Missiles,2019,29,841
Belgium,Finland,Aircraft,2019,24,1056
Poland[b],Romania,Tanks,2019,13,585
China[a],Colombia,Aircraft,2019,41,1230
Netherlands,Switzerland,Tanks,2019,4,164
Netherlands,Australia,Tanks,2019,36,288
Iran,Mexico,Missiles,2019,37,777
Kuwait,Ukraine,Aircraft,2019,27,162
India,Ukraine,Missiles,2019,34,1360
Iran,Israel,Aircraft,2019,29,1276
Norway,Pakistan,Aircraft,2019,48,2016
Netherlands,Czech Republic,Missiles,2019,16,400
Brazil,China[a],Missiles,2019,26,1170
Indonesia,Turkey,Aircraft,2019,6,204
Belgium,Iran,Tanks,2019,21,735
Finland,Saudi Arabia[a],Missiles,2019,10,140
China[a],Turkey,Missiles,2019,46,690
Russia[a],Czech Republic,Tanks,2019,46,414
Indonesia,Algeria,Missiles,2019,3,144
France[b],Japan,Missiles,2019,36,1152
Taiwan,Czech Republic,Aircraft,2019,9,117
Iran,Japan,Aircraft,2019,45,1755
Romania,Iran,Aircraft,2019,39,1560
Italy,Sweden,Aircraft,2019,34,510
Mexico,Spain,Aircraft,2019,28,868
Iraq,United States,Missiles,2019,34,1666
Denmark,Sweden,Aircraft,2019,2,26
Turkey,France[b],Tanks,2019,33,627
Algeria,Romania,Tanks,2019,20,260
Canada,Netherlands,Aircraft,2019,17,306
Japan,Denmark,Tanks,2019,1,13
Denmark,Turkey,Tanks,2019,23,299
Norway,Romania,Missiles,2019,11,341
Belgium,Kuwait,Missiles,2019,5,145
Denmark,Sweden,Aircraft,2019,13,286
Saudi Arabia[a],Sweden,Tanks,2019,20,960
Brazil,Kuwait,Aircraft,2019,48,1296
Japan,Greece,Missiles,2019,22,638
Iran,Algeria,Missiles,2019,9,369
Italy,Sweden,Missiles,2019,5,240
Netherlands,Indonesia,Aircraft,2019,44,1540
Kuwait,Saudi Arabia[a],Aircraft,2019,36,720
Australia,Singapore,Missiles,2019,16,96
Mexico,Turkey,Tanks,2019,30,450
United States,Saudi Arabia[a],Aircraft,2019,46,460
Switzerland,Denmark,Aircraft,2020,8,384
Indonesia,Japan,Aircraft,2020,7,105
Iran,Netherlands,Aircraft,2020,31,496
Indonesia,Switzerland,Tanks,2020,48,768
Singapore,Turkey,Tanks,2020,15,210
Iraq,Israel,Tanks,2020,17,289
Mexico,Ukraine,Missiles,2020,13,481
Greece,Pakistan,Aircraft,2020,37,1073
France[b],Kuwait,Missiles,2020,29,986
China[a],Philippines,Missiles,2020,44,1628
South Korea,Turkey,Missiles,2020,7,168
Spain,Denmark,Missiles,2020,21,546
Belgium,Colombia,Aircraft,2020,28,392
Netherlands,United Kingdom,Missiles,2020,44,1320
Saudi Arabia[a],Greece,Tanks,2020,4,172
United Kingdom,Taiwan,Missiles,2020,30,1200
Saudi Arabia[a],France[b],Missiles,2020,17,527
Netherlands,Philippines,Tanks,2020,20,260
Russia[a],Mexico,Missiles,2020,41,246
Norway,Colombia,Missiles,2020,1,21
Japan,Italy,Missiles,2020,11,88
Singapore,United Kingdom,Aircraft,2020,2,76
United Kingdom,Japan,Tanks,2020,32,352
France[b],Czech Republic,Tanks,2020,43,1634
Czech Republic,Belgium,Tanks,2020,1,33
Colombia,Mexico,Tanks,2020,23,966
Pakistan,Iran,Missiles,2020,24,936
Belgium,Sweden,Aircraft,2020,5,35
Norway,Singapore,Missiles,2020,3,114
Algeria,Canada,Aircraft,2020,19,266
Switzerland,Italy,Tanks,2020,36,504
Poland[b],Netherlands,Aircraft,2020,3,45
India,Finland,Missiles,2020,31,992
Russia[a],Switzerland,Missiles,2020,17,646
Japan,Belgium,Tanks,2020,29,203
Brazil,Indonesia,Tanks,2020,37,1221
Taiwan,Germany,Tanks,2020,50,2000
Turkey,Kuwait,Tanks,2020,15,285
Israel,Denmark,Tanks,2020,29,609
India,Canada,Missiles,2020,41,1968
Mexico,Philippines,Aircraft,2020,4,36
United States,Switzerland,Aircraft,2020,36,324
Brazil,China[a],Aircraft,2020,24,768
Sweden,Israel,Aircraft,2020,26,416
Colombia,Saudi Arabia[a],Missiles,2020,33,957
Iraq,Belgium,Missiles,2020,28,1260
Pakistan,Finland,Aircraft,2020,38,1406
South Korea,Italy,Missiles,2020,13,130
Norway,United Kingdom,Missiles,2020,5,70
Italy,Greece,Tanks,2020,47,2303
Sweden,India,Tanks,2020,18,180
United Kingdom,Kuwait,Tanks,2020,26,546
Colombia,Iran,Missiles,2020,3,87
Romania,Mexico,Missiles,2020,35,1680
Czech Republic,Belgium,Tanks,2020,27,1350
Poland[b],Denmark,Tanks,2020,41,779
Germany,France[b],Aircraft,2020,28,1372
Japan,Indonesia,Aircraft,2020,24,792
France[b],Singapore,Tanks,2020,46,1794
Algeria,Poland[b],Aircraft,2020,34,884
China[a],Indonesia,Aircraft,2020,17,425
India,Turkey,Missiles,2020,37,1073
Czech Republic,Israel,Missiles,2020,31,651
Saudi Arabia[a],Canada,Tanks,2020,19,380
United Kingdom,Mexico,Tanks,2020,48,528
United States,Ukraine,Missiles,2020,25,125
Algeria,Singapore,Missiles,2020,37,296
Sweden,Greece,Missiles,2020,43,1591
Indonesia,Norway,Aircraft,2020,2,22
United States,Russia[a],Aircraft,2020,5,110
Taiwan,Kuwait,Missiles,2020,42,1134
Spain,Iran,Aircraft,2020,15,555
Russia[a],Colombia,Missiles,2020,34,1156
Romania,Spain,Aircraft,2020,6,186
Norway,Brazil,Aircraft,2020,19,209
Saudi Arabia[a],Pakistan,Aircraft,2020,14,406
Iran,Kuwait,Aircraft,2020,42,1554
Indonesia,Ukraine,Aircraft,2020,36,864
Sweden,United States,Missiles,2020,36,540
Canada,Turkey,Aircraft,2020,32,1248
Iran,Iraq,Aircraft,2020,24,864
Poland[b],China[a],Aircraft,2020,25,125
Germany,Turkey,Aircraft,2020,8,120
Iran,Pakistan,Aircraft,2020,6,120
Singapore,Pakistan,Missiles,2020,12,444
United States,India,Tanks,2020,24,984
Romania,Singapore,Tanks,2020,35,1400
China[a],Iraq,Missiles,2020,26,234
Singapore,Norway,Tanks,2020,44,1144
France[b],Singapore,Missiles,2020,47,1692
Indonesia,France[b],Aircraft,2020,11,517
Australia,Saudi Arabia[a],Missiles,2020,33,726
Turkey,Poland[b],Aircraft,2020,2,98
Australia,Kuwait,Missiles,2020,8,192
South Korea,United States,Aircraft,2020,26,598
Belgium,Romania,Tanks,2020,5,85
France[b],Sweden,Aircraft,2020,36,432
Colombia,Brazil,Aircraft,2020,20,880
United Kingdom,Japan,Missiles,2020,33,198
Romania,Czech Republic,Aircraft,2021,18,648
Germany,Brazil,Tanks,2021,40,1080
Norway,Indonesia,Missiles,2021,17,748
Colombia,Algeria,Tanks,2021,22,880
Philippines,Turkey,Tanks,2021,24,864
Poland[b],Switzerland,Missiles,2021,24,864
Netherlands,Japan,Aircraft,2021,35,735
Algeria,Mexico,Missiles,2021,26,936
Denmark,India,Aircraft,2021,49,2352
Belgium,Norway,Missiles,2021,45,1080
Philippines,Algeria,Tanks,2021,8,96
Turkey,Colombia,Missiles,2021,26,520
Belgium,China[a],Tanks,2021,4,88
Iraq,Taiwan,Missiles,2021,12,408
India,Denmark,Missiles,2021,18,864
Sweden,Singapore,Aircraft,2021,25,1075
Sweden,Spain,Aircraft,2021,37,888
Switzerland,Denmark,Aircraft,2021,39,1287
Singapore,Australia,Aircraft,2021,15,210
Colombia,Algeria,Tanks,2021,32,416
Turkey,Taiwan,Tanks,2021,2,56
Israel,Belgium,Tanks,2021,48,1776
France[b],Iraq,Missiles,2021,33,924
Belgium,Germany,Aircraft,2021,20,220
Ukraine,Singapore,Aircraft,2021,5,145
Finland,Canada,Aircraft,2021,30,570
Ukraine,Netherlands,Tanks,2021,38,646
Colombia,Iran,Tanks,2021,26,260
Saudi Arabia[a],Israel,Missiles,2021,42,1512
Finland,Poland[b],Aircraft,2021,14,518
Belgium,Israel,Tanks,2021,28,644
Philippines,United Kingdom,Tanks,2021,23,414
Czech Republic,Australia,Aircraft,2021,30,1140
Italy,Iraq,Tanks,2021,2,94
Kuwait,Denmark,Missiles,2021,24,432
Finland,Denmark,Missiles,2021,39,1092
Singapore,Mexico,Missiles,2021,3,78
South Korea,Finland,Aircraft,2021,8,128
Poland[b],Philippines,Aircraft,2021,28,504
Czech Republic,Norway,Aircraft,2021,13,507
France[b],Poland[b],Missiles,2021,28,308
Belgium,Taiwan,Aircraft,2021,6,132
Switzerland,Pakistan,Aircraft,2021,25,450
Kuwait,Canada,Tanks,2021,44,1496
Russia[a],Finland,Missiles,2021,7,35
Spain,Kuwait,Aircraft,2021,2,96
Czech Republic,Belgium,Tanks,2021,13,520
South Korea,Algeria,Aircraft,2021,27,756
Colombia,Poland[b],Tanks,2021,42,210
Iraq,Norway,Aircraft,2021,5,160
Philippines,Greece,Missiles,2021,19,912
Switzerland,Czech Republic,Missiles,2021,48,2352
Brazil,Israel,Missiles,2021,13,234
Algeria,Russia[a],Aircraft,2021,6,210
Israel,Belgium,Tanks,2021,22,946
Netherlands,United Kingdom,Aircraft,2021,50,1050
Australia,Pakistan,Tanks,2021,22,660
Japan,Belgium,Aircraft,2021,1,19
Italy,Pakistan,Tanks,2021,6,180
Ukraine,Switzerland,Tanks,2021,4,156
Iraq,Turkey,Missiles,2021,35,595
Belgium,Sweden,Aircraft,2021,12,132
Ukraine,Norway,Missiles,2021,33,462
Philippines,Colombia,Tanks,2021,39,195
Taiwan,Norway,Aircraft,2021,5,160
South Korea,Norway,Missiles,2021,49,490
Germany,India,Tanks,2021,9,99
Ukraine,Kuwait,Tanks,2021,29,812
Romania,Kuwait,Missiles,2021,32,1600
Colombia,Netherlands,Aircraft,2021,29,464
Indonesia,South Korea,Missiles,2021,18,198
Canada,Saudi Arabia[a],Aircraft,2021,6,36
Singapore,India,Aircraft,2021,33,1650
Philippines,Brazil,Aircraft,2021,12,444
United Kingdom,Singapore,Aircraft,2021,26,442
Germany,Saudi Arabia[a],Aircraft,2021,27,945
Taiwan,United States,Aircraft,2021,13,598
France[b],Norway,Missiles,2021,1,44
Norway,United Kingdom,Aircraft,2021,7,315
Romania,France[b],Aircraft,2021,12,180
Israel,Greece,Tanks,2021,11,165
Belgium,Mexico,Tanks,2021,48,1488
Sweden,China[a],Missiles,2021,2,40
Mexico,United States,Tanks,2021,33,1155
Iran,Japan,Missiles,2021,31,248
India,Australia,Missiles,2021,40,480
United Kingdom,China[a],Aircraft,2021,33,297
Czech Republic,Poland[b],Missiles,2021,35,805
Kuwait,Canada,Missiles,2021,38,950
Taiwan,Colombia,Tanks,2021,22,198
Mexico,Saudi Arabia[a],Missiles,2021,21,651
Saudi Arabia[a],Italy,Aircraft,2021,30,1170
Italy,Turkey,Aircraft,2021,27,513
Pakistan,Iraq,Tanks,2021,13,546
Italy,Romania,Missiles,2021,46,2208
Turkey,Mexico,Missiles,2021,47,282
Denmark,Kuwait,Missiles,2021,19,494
Netherlands,Germany,Tanks,2022,45,2070
Saudi Arabia[a],Iraq,Aircraft,2022,33,1287
United Kingdom,Germany,Aircraft,2022,25,875
Kuwait,Indonesia,Tanks,2022,4,140
Greece,Italy,Tanks,2022,29,928
Mexico,Israel,Tanks,2022,33,1089
Netherlands,Turkey,Tanks,2022,34,1394
France[b],Spain,Missiles,2022,47,2021
Denmark,China[a],Aircraft,2022,43,2021
Switzerland,Philippines,Aircraft,2022,12,264
Russia[a],Sweden,Aircraft,2022,18,414
Indonesia,Italy,Missiles,2022,5,130
South Korea,Japan,Aircraft,2022,38,1748
Romania,Switzerland,Aircraft,2022,2,52
Netherlands,South Korea,Missiles,2022,18,576
Switzerland,Russia[a],Aircraft,2022,10,50
Australia,Iran,Tanks,2022,8,112
United Kingdom,Canada,Aircraft,2022,4,148
Germany,Canada,Missiles,2022,28,728
Norway,Iraq,Missiles,2022,24,336
Italy,Poland[b],Tanks,2022,38,1178
Singapore,Romania,Missiles,2022,27,675
China[a],Russia[a],Missiles,2022,49,1372
India,Switzerland,Tanks,2022,50,300
Germany,Brazil,Aircraft,2022,4,136
Belgium,Brazil,Tanks,2022,40,1960
Sweden,Colombia,Aircraft,2022,32,576
Switzerland,Spain,Aircraft,2022,35,805
Ukraine,Australia,Tanks,2022,7,168
Pakistan,Colombia,Tanks,2022,1,23
Japan,Taiwan,Missiles,2022,5,80
South Korea,Germany,Missiles,2022,46,276
Norway,China[a],Missiles,2022,35,805
Saudi Arabia[a],Belgium,Missiles,2022,8,120
United Kingdom,Spain,Aircraft,2022,43,1548
Denmark,Belgium,Tanks,2022,30,660
Algeria,Italy,Tanks,2022,3,42
Kuwait,United Kingdom,Missiles,2022,36,180
France[b],Russia[a],Missiles,2022,5,175
South Korea,Canada,Aircraft,2022,17,340
Taiwan,Italy,Tanks,2022,15,690
Colombia,Iran,Aircraft,2022,33,1320
India,Philippines,Aircraft,2022,11,143
Canada,Russia[a],Tanks,2022,45,990
Poland[b],Mexico,Aircraft,2022,11,451
Mexico,Belgium,Missiles,2022,36,972
Czech Republic,Japan,Aircraft,2022,1,41
Taiwan,South Korea,Tanks,2022,38,684
Saudi Arabia[a],Colombia,Tanks,2022,41,1927
Kuwait,Colombia,Missiles,2022,12,348
Indonesia,Mexico,Aircraft,2022,41,1640
Turkey,Norway,Tanks,2022,5,165
Indonesia,Philippines,Missiles,2022,11,220
Greece,Finland,Tanks,2022,45,1620
Colombia,Algeria,Aircraft,2022,34,646
Spain,Pakistan,Tanks,2022,46,598
Greece,Sweden,Missiles,2022,7,336
Taiwan,Greece,Tanks,2022,25,975
Poland[b],Greece,Tanks,2022,24,192
Algeria,Taiwan,Tanks,2022,23,1058
Greece,France[b],Aircraft,2022,4,96
Colombia,Algeria,Missiles,2022,7,63
Denmark,Italy,Tanks,2022,32,608
Brazil,Norway,Aircraft,2022,38,646
Greece,Finland,Tanks,2022,26,338
Poland[b],Norway,Aircraft,2022,26,546
Norway,Romania,Tanks,2022,5,70
Mexico,Iran,Missiles,2022,19,931
Belgium,Netherlands,Tanks,2022,48,2400
France[b],Kuwait,Missiles,2022,39,1482
Finland,Poland[b],Tanks,2022,1,50
Ukraine,Greece,Missiles,2022,13,520
Spain,Russia[a],Missiles,2022,36,1764
Indonesia,Italy,Missiles,2022,32,576
Iran,Russia[a],Tanks,2022,9,63
Pakistan,Norway,Aircraft,2022,3,108
France[b],Indonesia,Tanks,2022,48,1248
Spain,Denmark,Missiles,2022,33,825
Taiwan,Norway,Missiles,2022,10,110
Czech Republic,France[b],Aircraft,2022,29,551
Belgium,France[b],Aircraft,2022,10,120
Ukraine,Canada,Tanks,2022,23,483
Norway,United Kingdom,Tanks,2022,48,2304
Denmark,Turkey,Aircraft,2022,49,245
Norway,Colombia,Tanks,2022,16,688
Australia,Indonesia,Aircraft,2022,18,684
Iraq,Singapore,Tanks,2022,49,1127
Denmark,Iran,Tanks,2022,50,2200
Kuwait,Turkey,Aircraft,2022,33,660
Greece,Norway,Aircraft,2022,50,1950
Greece,Kuwait,Missiles,2022,13,273
Kuwait,Philippines,Missiles,2022,15,615
Sweden,Norway,Missiles,2022,13,234
Indonesia,Kuwait,Aircraft,2022,4,140
Switzerland,United States,Tanks,2022,32,1216
Australia,United States,Missiles,2022,18,612
Iran,Spain,Tanks,2022,12,540
Russia[a],Finland,Aircraft,2022,8,384
Kuwait,Mexico,Missiles,2022,46,1242
Algeria,Indonesia,Tanks,2022,46,1426
Russia[a],Germany,Missiles,2023,6,252
Pakistan,Ukraine,Missiles,2023,11,253
United Kingdom,Sweden,Tanks,2023,28,448
Kuwait,Spain,Aircraft,2023,29,1305
Sweden,Indonesia,Tanks,2023,25,1000
United States,Ukraine,Tanks,2023,40,1440
Russia[a],Romania,Tanks,2023,17,204
Mexico,Iran,Missiles,2023,50,1900
Sweden,Spain,Missiles,2023,32,352
Romania,Pakistan,Tanks,2023,45,675
Spain,Iran,Tanks,2023,39,1014
United Kingdom,Finland,Aircraft,2023,31,899
Philippines,Australia,Missiles,2023,43,1247
Pakistan,United Kingdom,Missiles,2023,29,899
Belgium,Turkey,Aircraft,2023,33,1485
Czech Republic,Taiwan,Aircraft,2023,42,714
United States,Germany,Tanks,2023,19,684
Pakistan,Germany,Missiles,2023,28,1092
Brazil,Taiwan,Missiles,2023,46,690
Brazil,Greece,Tanks,2023,1,45
Australia,Colombia,Missiles,2023,47,2115
Czech Republic,Colombia,Aircraft,2023,45,1035
Singapore,Turkey,Tanks,2023,37,1221
China[a],Pakistan,Aircraft,2023,9,351
Switzerland,Iraq,Tanks,2023,6,126
Indonesia,Taiwan,Missiles,2023,8,176
Greece,Sweden,Missiles,2023,43,1634
Greece,Saudi Arabia[a],Tanks,2023,1,30
Poland[b],Romania,Tanks,2023,43,1763
Sweden,Czech Republic,Tanks,2023,47,1786
United States,Sweden,Aircraft,2023,45,1125
Pakistan,Poland[b],Tanks,2023,47,987
United States,Singapore,Tanks,2023,24,960
India,Israel,Aircraft,2023,13,442
Switzerland,Canada,Aircraft,2023,34,1462
Switzerland,Russia[a],Missiles,2023,42,336
Russia[a],Kuwait,Missiles,2023,10,380
United Kingdom,Japan,Aircraft,2023,32,1376
Mexico,Italy,Missiles,2023,15,90
Ukraine,Australia,Missiles,2023,34,374
Finland,Singapore,Missiles,2023,49,1470
Taiwan,Denmark,Tanks,2023,25,875
France[b],South Korea,Aircraft,2023,47,2068
Czech Republic,Singapore,Aircraft,2023,43,1333
Algeria,Netherlands,Aircraft,2023,49,2107
Pakistan,Czech Republic,Missiles,2023,8,192
Russia[a],Singapore,Tanks,2023,12,132
Philippines,Denmark,Tanks,2023,9,342
Iran,United States,Tanks,2023,1,37
Iraq,France[b],Aircraft,2023,22,902
South Korea,Canada,Aircraft,2023,40,240
Ukraine,Norway,Missiles,2023,14,602
France[b],Australia,Missiles,2023,43,1419
Switzerland,France[b],Aircraft,2023,22,418
Australia,Romania,Tanks,2023,25,875
Poland[b],Romania,Tanks,2023,8,392
Philippines,Netherlands,Aircraft,2023,28,756
Algeria,Spain,Missiles,2023,30,1110
Czech Republic,Germany,Aircraft,2023,45,675
Poland[b],Spain,Missiles,2023,29,261
Taiwan,Spain,Tanks,2023,7,238
China[a],Norway,Aircraft,2023,3,39
Algeria,China[a],Aircraft,2023,38,760
Japan,Mexico,Aircraft,2023,21,462
France[b],Sweden,Missiles,2023,47,2068
Singapore,Romania,Missiles,2023,24,888
United Kingdom,South Korea,Tanks,2023,33,396
Finland,Taiwan,Aircraft,2023,23,1081
Brazil,Mexico,Tanks,2023,46,1886
United States,Sweden,Missiles,2023,15,480
South Korea,Pakistan,Aircraft,2023,19,228
China[a],Spain,Aircraft,2023,15,300
Spain,Finland,Tanks,2023,25,725
Iran,Singapore,Aircraft,2023,6,270
United Kingdom,Taiwan,Aircraft,2023,43,215
France[b],Ukraine,Aircraft,2023,14,686
Turkey,Norway,Tanks,2023,13,377
Poland[b],Brazil,Missiles,2023,20,200
Iran,Taiwan,Aircraft,2023,1,41
Algeria,Iraq,Missiles,2023,35,1260
Singapore,Turkey,Aircraft,2023,35,175
Sweden,Finland,Missiles,2023,8,120
Czech Republic,Italy,Missiles,2023,25,925
Ukraine,Czech Republic,Aircraft,2023,47,705
Germany,Poland[b],Tanks,2023,31,558
Denmark,France[b],Aircraft,2023,16,720
Switzerland,Finland,Missiles,2023,41,1230
Spain,Saudi Arabia[a],Missiles,2023,15,435
China[a],Romania,Aircraft,2023,35,1260
India,Philippines,Tanks,2023,30,1470
Taiwan,Philippines,Missiles,2023,6,168
Switzerland,Iraq,Aircraft,2023,29,232
Netherlands,Ukraine,Tanks,2023,4,20
Singapore,Sweden,Missiles,2023,16,784
France[b],Finland,Tanks,2023,2,30
Singapore,United States,Aircraft,2023,25,550
Denmark,Netherlands,Missiles,2023,11,66
Australia,Spain,Aircraft,2023,24,456
